code,year,hospital_stay_length,med_tech_availability_p_mil_ppl,expenditure_per_capita,life_expectancy,avoidable_deaths,health_expenditure_as_percent_gdp
AUS,2000,7.494594594594595,116.83333333333331,1636.52856445,79.2341463414634,86.4,7.589
AUS,2001,6.535135135135135,128.32999999999998,1559.82128906,79.6341463414634,82.2,7.674
AUS,2002,6.466216216216216,148.93333333333334,1763.69567871,79.9365853658537,80.2,7.872
AUS,2003,6.220945945945945,229.3175,2240.74609375,80.2390243902439,75.0,7.877
AUS,2004,6.32972972972973,258.6025,2760.83081055,80.490243902439,73.1,8.083
AUS,2006,5.989189189189189,248.195,3194.03076172,81.0414634146342,71.3,7.972
AUS,2007,6.122972972972973,161.39499999999998,3815.33642578,81.2926829268293,70.5,8.052
AUS,2008,5.832432432432433,127.952,4107.01269531,81.3951219512195,70.1,8.247
AUS,2009,5.808783783783785,188.735,4011.93261719,81.5439024390244,69.8,8.542
AUS,2010,5.727702702702703,200.19083333333333,4975.47070313,81.6951219512195,12569.0,8.419
AUS,2011,5.760135135135135,202.33666666666664,5909.14990234,81.8951219512195,12771.0,8.534
AUS,2012,5.233108108108108,218.28083333333333,6071.65087891,82.0463414634146,66.0,8.669
AUS,2013,5.171621621621622,245.59666666666664,5843.17382813,82.1487804878049,65.2,8.745
AUS,2014,5.164864864864865,257.5208333333333,6130.99853516,82.3,67.0,9.825
AUS,2015,5.361486486486487,268.5733333333333,5322.97119141,82.4,68.7,10.174
AUS,2016,5.45945945945946,280.2933333333333,5453.92480469,82.4487804878049,5906.0,10.09
AUS,2017,5.318243243243243,286.4425,5813.61376953,82.5,5764.5,10.112
AUS,2018,5.603378378378378,299.62166666666667,5857.28808594,82.7487804878049,5742.5,10.052
AUS,2019,5.247972972972973,311.1458333333333,5545.91064453,82.9,64.8,10.213
AUT,2002,8.350335570469799,36.10866666666666,2498.0,78.6780487804878,13931.0,9.395
AUT,2003,7.959060402684564,36.46566666666666,3091.0,78.6317073170732,13931.0,9.547
AUT,2004,8.306040268456377,39.50866666666666,3595.0,79.1804878048781,13394.0,9.709
AUT,2005,7.933557046979866,40.377,3710.0,79.3317073170732,13117.0,9.627
AUT,2006,7.71006711409396,40.653,3883.0,79.8804878048781,12721.0,9.531
AUT,2007,7.714093959731543,40.937666666666665,4479.0,80.1804878048781,12544.0,9.532
AUT,2008,7.797986577181208,41.595,5058.0,80.4317073170732,12122.0,9.726
AUT,2009,7.406711409395973,41.73466666666666,4929.0,80.3317073170732,12496.0,10.226
AUT,2010,7.53489932885906,42.321000000000005,4801.0,80.5804878048781,12451.0,10.221
AUT,2011,7.404697986577181,41.93266666666666,5168.0,80.9829268292683,12062.0,10.026
AUT,2012,7.467785234899328,42.659666666666666,4966.0,80.9365853658537,12186.0,10.199
AUT,2013,7.66241610738255,47.38944444444444,5235.0,81.1365853658537,12192.0,10.286
AUT,2014,7.748322147651007,48.40583333333334,5394.0,81.490243902439,11959.0,10.368
AUT,2015,8.017449664429531,49.03722222222222,4613.0,81.190243902439,12121.0,10.368
AUT,2016,7.658108108108108,50.02472222222222,4710.0,81.6414634146342,11612.0,10.352
AUT,2017,7.784666666666666,50.11555555555555,4939.0,81.6439024390244,61.2,10.384
AUT,2018,8.114,50.46194444444444,5337.0,81.6926829268293,60.4,10.349
AUT,2019,8.414,51.5525,5263.0,81.8951219512195,59.1,10.488
BEL,2000,8.091275167785236,76.83,1849.91601563,77.7219512195122,93.1,7.999
BEL,2001,7.94496644295302,78.08500000000001,1879.93457031,77.9731707317073,91.2,8.15
BEL,2002,7.773154362416108,67.489,2084.7199707,78.0756097560976,101.7,8.318
BEL,2003,7.774829931972788,64.7475,2814.88061523,78.1292682926829,99.3,9.164
BEL,2004,7.660544217687075,66.48861111111111,3312.74121094,78.8780487804878,83.4,9.328
BEL,2005,7.529931972789115,67.12611111111111,3405.88500977,78.9804878048781,85.7,9.222
BEL,2006,7.428571428571429,66.29583333333333,3545.92822266,79.380487804878,82.6,9.128
BEL,2007,7.351020408163266,68.38222222222223,4064.87646484,79.7829268292683,83.6,9.134
BEL,2008,7.205442176870748,71.55583333333334,4653.50585938,79.6804878048781,83.9,9.593
BEL,2009,7.074149659863945,72.84166666666667,4638.43896484,80.0341463414634,84.6,10.319
BEL,2010,6.997278911564626,73.39138888888888,4531.03369141,80.1829268292683,86.0,10.2
BEL,2011,6.829931972789115,72.6088888888889,4930.14111328,80.5853658536585,84.9,10.361
BEL,2012,6.782993197278912,73.96222222222222,4704.47265625,80.3853658536585,82.9,10.503
BEL,2013,6.704081632653061,76.77694444444444,4954.92431641,80.5878048780488,83.2,10.575
BEL,2014,6.494557823129251,79.40861111111111,5080.125,81.2878048780488,78.7,10.608
BEL,2016,6.506756756756757,80.73361111111112,4542.79492188,81.4390243902439,6840.0,10.793
BEL,2017,6.398648648648648,81.60888888888888,4782.64697266,81.4926829268293,6946.5,10.801
BEL,2018,6.289864864864865,76.88625,5176.98388672,81.5951219512195,7053.5,10.861
BEL,2019,6.116216216216216,65.00214285714286,5049.57714844,81.9951219512195,75.9,10.76
CAN,2000,7.394520547945206,19.87875,2001.66870117,79.1668292682927,28598.0,8.248
CAN,2001,7.559310344827586,74.49333333333334,2055.75952148,79.3980487804878,28542.0,8.625
CAN,2002,7.604827586206897,107.48833333333332,2149.37939453,79.5307317073171,28535.5,8.857
CAN,2003,7.628275862068966,93.87583333333332,2552.26391602,79.7151219512195,28590.0,9.011
CAN,2004,7.546206896551724,96.94291666666666,2916.2512207,79.9921951219512,28085.5,9.066
CAN,2005,7.454482758620689,122.5323076923077,3291.22070313,80.1126829268293,28519.5,9.035
CAN,2006,7.632191780821917,107.02166666666666,3788.68603516,80.5436585365854,27658.5,9.325
CAN,2007,7.776027397260274,112.74333333333334,4221.92871094,80.5436585365854,28622.0,9.429
CAN,2009,8.013013698630138,121.16541666666669,4368.85693359,81.0660975609756,28598.0,10.7
CAN,2010,7.992465753424657,142.29576923076922,5083.98193359,81.3221951219512,28698.5,10.704
CAN,2011,7.915068493150685,144.7103846153846,5423.05908203,81.4826829268293,28268.5,10.408
CAN,2012,8.023972602739725,147.0003846153846,5538.93554688,81.6636585365854,29047.5,10.545
CAN,2013,8.084246575342465,203.849,5483.25585938,81.7448780487805,29691.5,10.44
CAN,2014,8.008219178082193,213.1833333333333,5231.73632813,81.7843902439025,30361.5,10.285
CAN,2015,7.899999999999999,188.72583333333333,4677.83007813,81.8156097560976,70666.0,10.769
CAN,2016,7.902739726027397,131.71666666666667,4667.703125,81.9248780487805,70628.0,11.061
CAN,2017,7.721232876712329,157.38,4920.72851563,81.8329268292683,23699.0,10.934
CAN,2018,7.817808219178082,114.37875,5080.32324219,81.8439024390244,24006.0,10.943
CAN,2019,7.860273972602739,128.645625,5115.97607422,82.2239024390244,32419.5,11.059
CHE,2007,9.412751677852349,113.62166666666666,6154.703125,81.7414634146342,61.7,9.417
CHE,2008,9.196644295302011,117.22166666666666,7120.65283203,81.9926829268293,57.7,9.532
CHE,2009,8.906040268456376,64.7375,7297.37988281,82.0439024390244,2567.0,10.142
CHE,2010,8.834666666666667,60.66625,7640.44921875,82.2463414634147,2512.0,10.005
CHE,2011,8.772972972972974,62.9375,9138.3671875,82.6951219512195,54.6,10.119
CHE,2012,8.574,64.315,8753.8203125,82.6975609756098,51.0,10.348
CHE,2013,8.597972972972974,66.20041666666667,9118.18945313,82.7975609756098,49.6,10.615
CHE,2014,9.46554054054054,64.94250000000001,9307.96875,83.1975609756098,49.0,10.7
CHE,2015,8.429931972789117,67.1975,9082.45019531,82.8975609756098,5804.5,11.004
CHE,2016,8.58445945945946,68.93708333333333,9078.75878906,83.6024390243903,5530.5,11.229
CHE,2017,8.477027027027026,70.08083333333333,9119.96972656,83.5512195121951,5511.0,11.413
CHE,2018,7.920945945945945,72.91416666666667,9212.43261719,83.7536585365854,43.4,11.199
CHE,2019,8.087837837837839,73.74375,9341.0625,83.9048780487805,41.8,11.426
CRI,2000,10.422818791946307,2.306666666666666,247.70188904,77.586,184.9,6.565
CRI,2001,8.841610738255035,2.401666666666667,255.18231201,77.545,179.7,6.474
CRI,2002,8.851677852348994,2.9125,276.23712158,77.983,165.7,6.869
CRI,2003,10.991275167785236,3.2158333333333333,287.37347412,78.072,1447.0,6.969
CRI,2004,8.587919463087248,3.4133333333333336,290.13354492,78.331,1475.5,6.63
CRI,2005,9.025,3.505,309.51428223,78.505,157.2,6.664
CRI,2006,10.688513513513517,3.701666666666666,359.79248047,78.514,157.3,6.935
CRI,2007,9.66216216216216,3.588333333333334,423.63812256,78.462,139.0,6.996
CRI,2008,9.263265306122449,3.783333333333333,510.99154663,78.445,141.7,7.469
CRI,2009,10.25608108108108,4.283333333333333,529.60870361,78.672,138.2,7.86
CRI,2010,10.704697986577182,4.779999999999999,654.17340088,78.67,151.1,8.029
CRI,2011,8.502013422818791,4.770833333333333,742.14190674,79.348,140.6,8.112
CRI,2012,8.353020134228187,5.265000000000001,776.43487549,79.283,135.1,7.782
CRI,2013,8.348322147651007,5.150833333333334,816.87872314,79.403,132.4,7.679
CRI,2014,8.550335570469798,5.545,822.91003418,78.774,130.4,7.662
CRI,2015,9.09391891891892,6.135,875.34973145,79.086,306.6,7.592
CRI,2016,8.181208053691275,6.324166666666667,870.73840332,79.459,303.9,7.315
CRI,2017,7.543243243243243,6.8125,853.75048828,79.377,293.6,7.045
CRI,2018,7.607432432432432,6.7,902.22119141,79.484,307.2,7.286
CRI,2019,7.277702702702703,7.385833333333333,914.88470459,79.427,136.2,7.221
CZE,2000,13.004026845637584,37.58416666666667,342.92108154,74.9682926829268,7100.5,5.701
CZE,2001,12.991275167785236,42.54083333333333,388.54403687,75.1731707317073,6894.5,5.863
CZE,2002,12.714093959731544,44.836666666666666,497.74203491,75.2219512195122,6692.5,6.177
CZE,2003,12.735570469798658,46.94,640.66040039,75.1707317073171,6629.5,6.524
CZE,2004,12.523489932885909,37.33125,746.32891846,75.7219512195122,6313.5,6.351
CZE,2005,12.306040268456377,37.32208333333333,852.65246582,75.9243902439025,6241.0,6.341
CZE,2006,12.140939597315436,39.46083333333333,942.11804199,76.5243902439024,5819.5,6.164
CZE,2007,12.000671140939597,38.98416666666667,1110.17663574,76.7243902439025,5859.5,5.986
CZE,2008,11.891946308724831,39.95458333333333,1449.33679199,76.9756097560976,21043.0,6.33
CZE,2009,11.526174496644296,41.12041666666666,1442.24279785,77.0780487804878,20905.0,7.249
CZE,2010,11.264238410596027,42.25291666666666,1516.04858398,77.4243902439025,5731.0,7.553
CZE,2011,10.538410596026493,35.291666666666664,1654.51013184,77.8731707317073,5877.5,7.534
CZE,2012,10.339072847682118,35.04472222222222,1515.81604004,78.0756097560976,5896.5,7.594
CZE,2013,10.152980132450333,34.922777777777775,1514.01403809,78.1756097560976,6128.5,7.495
CZE,2014,10.06092715231788,33.276944444444446,1516.05627441,78.8243902439024,5707.5,7.595
CZE,2015,10.04635761589404,36.06861111111111,1314.83728027,78.5780487804878,255.1,7.335
CZE,2016,9.901986754966886,36.0625,1384.66357422,79.0268292682927,241.4,7.393
CZE,2017,10.077483443708608,37.21083333333333,1525.34790039,78.9780487804878,242.4,7.339
CZE,2018,10.226490066225166,38.05111111111111,1753.19897461,79.0292682926829,5956.5,7.46
CZE,2019,10.093377483443708,37.79388888888889,1803.05249023,79.2292682926829,5720.0,7.613
DEU,2000,10.288513513513513,432.195,2344.41088867,77.9268292682927,150471.5,9.888
DEU,2001,9.96283783783784,456.16125000000005,2346.66918945,78.3292682926829,145855.0,9.921
DEU,2002,9.733783783783784,468.445,2567.50292969,78.2292682926829,51425.0,10.184
DEU,2003,10.308783783783785,484.1855555555556,3152.79418945,78.3804878048781,50736.0,10.402
DEU,2004,9.846979865771813,501.6172222222222,3459.82495117,78.6804878048781,138339.5,10.146
DEU,2005,9.735570469798658,517.645,3558.21337891,78.9317073170732,136079.5,10.312
DEU,2006,9.53557046979866,527.7177777777778,3698.04370117,79.1317073170732,132181.0,10.18
DEU,2007,9.536912751677852,542.9655555555555,4182.91601563,79.5341463414634,130175.0,10.051
DEU,2008,9.160402684563758,564.9638888888888,4669.76025391,79.7365853658537,129611.0,10.251
DEU,2009,9.074496644295303,580.3322222222222,4674.91943359,79.8365853658537,129364.0,11.238
DEU,2010,8.88993288590604,607.7872222222222,4611.421875,79.9878048780488,127922.5,11.096
DEU,2011,8.673154362416108,624.6855555555555,5037.49169922,80.4365853658537,126602.0,10.778
DEU,2012,8.566442953020134,627.2588888888889,4765.67871094,80.5390243902439,124617.5,10.853
DEU,2013,8.509395973154362,628.9250000000001,5100.15234375,80.490243902439,125346.5,10.999
DEU,2014,8.385234899328859,661.6816666666667,5309.15478516,81.090243902439,119942.0,11.026
DEU,2015,8.309395973154363,693.1038888888888,4627.35791016,80.6414634146341,29992.0,11.19
DEU,2016,8.187248322147651,706.0272222222222,4746.87011719,80.990243902439,29011.0,11.242
DEU,2017,8.178523489932886,709.1433333333334,5070.19580078,80.9926829268293,28362.0,11.326
DEU,2018,8.203355704697987,654.754,5511.21435547,80.8926829268293,28531.5,11.473
DEU,2019,8.341721854304636,657.0635,5486.98876953,81.2926829268293,115278.0,11.716
DNK,2001,7.674324324324324,13.186666666666667,2603.0,76.7926829268293,320.8,8.448
DNK,2002,7.215540540540541,16.389090909090907,2896.0,76.8951219512195,311.0,8.703
DNK,2003,7.062162162162163,17.353636363636365,3607.0,77.1439024390244,303.0,8.904
DNK,2004,6.813513513513514,20.778666666666663,4195.0,77.4926829268293,292.7,9.007
DNK,2005,6.571621621621621,21.244666666666667,4443.0,77.8439024390244,281.1,9.091
DNK,2006,6.3389261744966445,22.654,4779.0,78.0951219512195,279.0,9.169
DNK,2007,6.25503355704698,24.533,5468.0,78.1951219512195,264.4,9.325
DNK,2008,6.332885906040269,29.712,6138.0,78.4463414634146,120.0,9.511
DNK,2009,5.803355704697986,33.0075,6222.0,78.5975609756098,116.9,10.674
DNK,2010,5.528187919463087,43.28111111111111,6171.0,79.1,238.7,10.591
DNK,2011,5.3986577181208055,36.41066666666666,6438.0,79.8,221.2,10.388
DNK,2012,5.291946308724833,72.70333333333333,6168.0,80.0512195121951,216.9,10.506
DNK,2013,5.139597315436242,39.90466666666666,6334.0,80.3,206.8,10.31
DNK,2014,5.058389261744966,39.87133333333333,6467.0,80.7,201.8,10.292
DNK,2015,4.936912751677852,40.459,5532.0,80.7024390243902,155.1,10.328
DNK,2016,4.928859060402685,41.42733333333333,5624.0,80.8536585365854,155.5,10.237
ESP,2000,10.302272727272728,133.07625,1005.28399658,78.9658536585366,61055.0,6.799
ESP,2001,8.453623188405796,140.6175,1045.05065918,79.3682926829268,59853.0,6.769
ESP,2002,8.546376811594204,146.83625,1174.5793457,79.5682926829268,59202.5,6.801
ESP,2003,8.57391304347826,168.398,1640.91772461,79.619512195122,59380.5,7.563
ESP,2004,8.027397260273972,175.80900000000003,1924.27087402,79.8707317073171,57338.5,7.65
ESP,2005,8.01986301369863,172.35875,2060.3215332,80.1707317073171,56630.5,7.74
ESP,2006,7.904109589041096,160.53833333333333,2242.15869141,80.8219512195122,54124.5,7.829
ESP,2007,8.125342465753425,175.63250000000002,2606.27783203,80.8731707317073,54060.0,7.919
ESP,2008,7.795205479452055,179.48666666666668,2995.18603516,81.1756097560976,52309.5,8.382
ESP,2009,7.797260273972602,185.415,2937.71826172,81.4756097560976,16458.5,9.108
ESP,2010,7.618493150684932,143.1763888888889,2789.63720703,81.6268292682927,15723.0,9.119
ESP,2011,7.419178082191781,152.75555555555556,2908.91967773,82.4756097560976,48440.5,9.168
ESP,2012,7.341095890410959,158.8252777777778,2590.2253418,82.4268292682927,47920.0,9.156
ESP,2013,7.263698630136986,163.03666666666666,2629.46679688,83.0780487804878,47795.5,9.066
ESP,2014,7.205479452054795,163.78472222222223,2679.4765625,83.2292682926829,47771.0,9.087
ESP,2015,7.213698630136986,166.68166666666667,2349.09375,82.8317073170732,11267.0,9.124
ESP,2016,7.532432432432433,168.38166666666666,2376.60107422,83.3292682926829,11412.0,8.949
ESP,2017,8.181756756756757,169.73749999999998,2524.68481445,83.2829268292683,11718.5,8.947
ESP,2018,9.933783783783785,175.22694444444443,2741.38256836,83.4317073170732,48320.5,8.999
ESP,2019,9.529054054054054,178.48861111111114,2716.83349609,83.8317073170732,47710.0,9.135
EST,2005,7.632608695652173,1.97,549.63024902,72.5682926829268,569.1,5.295
EST,2006,7.530434782608696,2.4386666666666668,627.18377686,72.6914634146341,563.3,4.974
EST,2007,7.797826086956522,3.7243333333333335,866.49945068,72.8146341463415,567.9,5.185
EST,2008,7.556521739130435,4.544333333333333,1082.15478516,73.7707317073171,512.7,5.957
EST,2009,7.293478260869565,4.431333333333334,1006.50708008,74.8243902439024,482.2,6.845
EST,2010,7.056521739130435,4.786666666666667,966.19024658,75.4292682926829,449.9,6.594
EST,2011,7.023913043478261,5.260333333333333,1061.1628418,76.2292682926829,438.3,6.078
EST,2012,7.297826086956522,5.502,1058.71960449,76.3268292682927,441.3,6.095
EST,2013,6.871739130434782,6.253611111111111,1194.86206055,77.1414634146341,387.2,6.281
EST,2014,7.028260869565218,6.356944444444444,1287.76123047,77.0341463414634,399.4,6.362
EST,2015,6.871739130434782,6.259444444444444,1156.20275879,77.590243902439,1620.5,6.641
EST,2016,6.923913043478261,6.746666666666666,1226.0859375,77.6414634146342,1561.0,6.702
EST,2017,6.876086956521739,6.8422222222222215,1350.12646484,78.0926829268293,348.2,6.597
EST,2018,6.8847826086956525,6.831111111111111,1553.43347168,78.2439024390244,640.5,6.691
EST,2019,7.0978260869565215,6.916944444444445,1599.3503418,78.6463414634147,597.0,6.772
FIN,2001,10.32013422818792,29.422,1810.0,77.9658536585366,5249.0,7.251
FIN,2002,10.46510067114094,30.84,2059.0,78.119512195122,5177.5,7.628
FIN,2003,10.187919463087248,30.06055555555556,2614.0,78.3682926829268,4965.0,7.938
FIN,2004,9.96979865771812,31.290666666666667,3044.0,78.7146341463415,4869.5,8.059
FIN,2005,10.121476510067112,31.988,3237.0,78.8170731707317,4733.5,8.288
FIN,2006,10.100671140939598,30.276666666666664,3415.0,79.2146341463415,4414.5,8.284
FIN,2007,10.275838926174496,39.4375,3919.0,79.2634146341464,4413.5,8.084
FIN,2008,10.359060402684564,21.897142857142857,4486.0,79.5682926829268,4307.0,8.343
FIN,2009,10.06241610738255,33.00666666666667,4350.0,79.719512195122,59.6,9.161
FIN,2010,9.559731543624162,34.17,4252.0,79.8707317073171,58.0,9.142
FIN,2011,9.361073825503356,35.252,4718.0,80.4707317073171,4161.5,9.223
FIN,2012,9.233557046979866,36.094,4573.0,80.6268292682927,4149.0,9.586
FIN,2013,9.00268456375839,33.016666666666666,4892.0,80.9756097560976,4009.5,9.805
FIN,2014,8.696644295302013,37.78,4923.0,81.1804878048781,3919.5,9.781
FIN,2015,7.6597315436241615,35.736666666666665,4128.0,81.4804878048781,73.8,9.645
FIN,2016,7.610738255033557,40.266,4109.0,81.4292682926829,74.4,9.378
FIN,2017,6.910738255033557,41.196666666666665,4236.0,81.6317073170732,73.6,9.127
FIN,2018,6.871140939597316,33.60055555555555,4522.0,81.7341463414634,3893.5,9.043
FRA,2000,6.5134228187919465,59.37916666666667,2161.85302734,79.0560975609756,258.0,9.584
FRA,2001,6.523489932885906,88.73538461538462,2192.71557617,79.1585365853659,76.1,9.706
FRA,2002,6.550335570469799,93.4146153846154,2449.75830078,79.2609756097561,73.8,10.022
FRA,2003,6.475167785234899,99.815,3006.3059082,79.1146341463415,238.9,10.083
FRA,2004,6.361073825503356,109.02538461538462,3458.62744141,80.1634146341463,225.8,10.164
FRA,2005,6.223489932885906,118.50692307692309,3575.02514648,80.1634146341463,224.0,10.215
FRA,2006,6.121476510067114,123.88538461538462,3811.55175781,80.8121951219512,216.1,10.386
FRA,2007,6.052348993288591,126.3346153846154,4312.31054688,81.1121951219512,211.2,10.316
FRA,2008,5.958389261744967,135.19076923076923,4807.37451172,81.2146341463415,205.5,10.501
FRA,2009,5.950335570469798,141.39076923076922,4737.578125,81.4146341463415,203.3,11.288
FRA,2010,5.987755102040816,149.62115384615385,4592.38330078,81.6634146341463,198.6,11.226
FRA,2011,5.913605442176871,158.475,4931.87792969,82.1146341463415,195.2,11.185
FRA,2012,5.902721088435374,174.31692307692308,4644.59570313,81.9682926829268,187.3,11.297
FRA,2013,5.882312925170067,191.295,4884.76660156,82.219512195122,181.8,11.396
FRA,2014,5.819727891156463,204.1778571428572,4980.81494141,82.719512195122,175.4,11.525
FRA,2015,5.763265306122449,225.845,4201.78173828,82.3219512195122,161.0,11.44
FRA,2016,6.791156462585034,234.8625,4256.765625,82.5731707317073,157.9,11.49
FRA,2017,6.743537414965987,241.0507142857143,4410.59912109,82.5756097560976,158.7,11.371
FRA,2018,6.7326530612244895,246.58357142857145,4666.97998047,82.6756097560976,156.8,11.21
FRA,2019,6.724489795918367,253.5303571428572,4504.48486328,82.8268292682927,153.5,11.099
GBR,2001,10.799328859060402,197.62166666666667,2052.34667969,77.9926829268293,377.4,7.452
GBR,2002,10.461744966442954,176.6775,2306.12841797,78.1439024390244,367.3,7.878
GBR,2003,10.324161073825504,175.01125,2784.53955078,78.4463414634146,356.7,8.078
GBR,2004,10.251677852348994,156.7375,3366.34155273,78.7463414634146,337.6,8.339
GBR,2005,10.199328859060405,158.787,3536.32299805,79.0487804878049,327.0,8.394
GBR,2006,10.120805369127517,196.935,3857.4855957,79.2487804878049,316.4,8.545
GBR,2007,9.493959731543624,192.5925,4367.53564453,79.4487804878049,307.3,8.757
GBR,2008,9.448322147651009,207.3,4297.47509766,79.6,301.3,9.04
GBR,2009,9.400671140939597,278.4,3914.19580078,80.0512195121951,287.4,9.848
GBR,2010,9.298657718120806,243.56625,3956.38891602,80.4024390243902,278.4,9.789
GBR,2011,8.702013422818792,252.21,4199.08398438,80.9512195121951,266.5,9.796
GBR,2012,8.560402684563758,262.8,4242.23486328,80.9048780487805,254.3,9.892
GBR,2013,8.415436241610738,268.6625,4304.47802734,81.0048780487805,254.4,9.978
GBR,2014,8.246308724832215,246.2383333333333,4697.76025391,81.3048780487805,248.9,9.903
GBR,2016,9.944295302013424,307.185,4017.34228516,81.1560975609756,26611.0,9.765
GBR,2018,8.487919463087248,272.035,4226.20507813,81.2560975609756,75.0,9.738
GBR,2019,7.565789473684211,199.95,4268.67724609,81.4048780487805,70.6,9.954
HUN,2004,8.384027777777778,32.41916666666667,798.0,72.6487804878049,11143.5,7.758
HUN,2005,8.684722222222222,33.43333333333334,895.0,72.6487804878049,11347.5,7.985
HUN,2006,8.674305555555554,34.44416666666666,893.0,73.0975609756098,10820.5,7.778
HUN,2007,8.718055555555557,36.83083333333333,1003.0,73.1512195121951,10584.0,7.204
HUN,2008,8.90486111111111,35.096666666666664,1117.0,73.7024390243903,10217.5,7.088
HUN,2009,8.900694444444445,36.65833333333333,944.0,73.9048780487805,10213.0,7.222
HUN,2010,9.175,36.75833333333333,983.0,74.2073170731707,9907.0,7.449
HUN,2011,9.114685314685316,36.86333333333334,1063.0,74.8585365853659,9741.0,7.481
HUN,2012,9.202083333333333,36.785,961.0,75.0634146341463,9660.0,7.411
HUN,2013,9.05625,38.17000000000001,991.0,75.5658536585366,9401.5,7.234
HUN,2014,9.064583333333331,38.5475,1006.0,75.7634146341463,9413.0,7.047
HUN,2015,9.338888888888889,39.015,871.0,75.5682926829269,611.8,6.854
HUN,2016,9.266666666666667,40.126666666666665,914.0,76.0634146341464,602.7,6.988
HUN,2017,9.458333333333334,41.790000000000006,985.0,75.8170731707317,9526.0,6.744
HUN,2018,9.427777777777775,27.37333333333333,1080.0,76.0658536585366,30282.0,6.58
HUN,2019,9.428275862068965,27.375,1054.0,76.3195121951219,29321.0,6.282
IRL,2007,7.665986394557823,25.185,4858.64501953,79.6414634146341,5191.5,7.808
IRL,2008,7.800680272108844,22.71214285714285,5638.77929688,80.0951219512195,5120.0,9.126
IRL,2009,7.836054421768708,20.75,5502.88769531,80.190243902439,5321.5,10.523
IRL,2010,7.527210884353741,21.403,5133.45507813,80.7439024390244,4843.5,10.524
IRL,2011,7.627210884353741,22.117500000000003,5545.76416016,80.7463414634146,2934.0,10.599
IRL,2012,7.589795918367347,22.405,5210.36376953,80.8463414634146,2881.0,10.622
IRL,2013,6.833561643835616,23.056,5313.70947266,80.9487804878049,4994.5,10.287
IRL,2014,6.759183673469388,22.4825,5316.26953125,81.3487804878049,4995.0,9.495
IRL,2015,7.054421768707483,23.72,4575.94482422,81.4536585365854,4761.5,7.321
IRL,2016,6.985034013605442,24.0985,4726.31298828,81.6536585365854,4901.5,7.482
IRL,2017,6.917687074829932,26.409,5010.25634766,82.1560975609756,4710.0,7.107
IRL,2018,7.099319727891157,26.59,5187.05761719,82.2048780487805,4948.0,6.859
IRL,2019,7.059183673469388,25.20055555555556,5462.73095703,82.7024390243903,4881.0,6.716
ISL,2000,6.161744966442954,5.5713888888888885,2854.0,79.6536585365854,73.3,8.899
ISL,2001,5.678523489932887,5.511388888888889,2527.0,80.690243902439,69.2,8.753
ISL,2002,5.512080536912752,5.962777777777777,3045.0,80.5024390243903,56.4,9.404
ISL,2003,5.942953020134228,5.930555555555555,3837.0,80.9634146341464,68.6,9.729
ISL,2004,5.612080536912751,5.898888888888889,4411.0,80.9975609756098,62.1,9.329
ISL,2005,5.657046979865771,6.308333333333333,5076.0,81.5024390243902,58.4,8.947
ISL,2006,6.087919463087249,6.435,4915.0,81.1585365853659,70.5,8.557
ISL,2007,5.982432432432432,6.775833333333334,5800.0,81.4536585365854,67.8,8.354
ISL,2008,5.933108108108109,6.693055555555556,4747.0,81.609756097561,63.3,8.344
ISL,2009,6.042953020134227,7.120277777777777,3621.0,81.7512195121951,45.1,8.775
ISL,2011,5.883783783783784,7.120277777777778,3911.0,82.3585365853659,45.1,8.255
ISL,2012,6.087162162162162,7.088055555555556,3760.0,82.9170731707317,43.6,8.231
ISL,2013,6.122972972972973,6.810833333333334,4069.0,82.0609756097561,56.5,8.227
ISL,2014,6.28445945945946,6.763333333333333,4488.0,82.8609756097561,45.4,8.29
ISL,2016,6.496621621621622,7.085555555555556,5016.0,82.2048780487805,49.8,8.156
ISL,2017,6.253378378378378,7.396111111111111,5945.0,82.6609756097561,336.0,8.324
ISL,2019,6.180952380952381,7.749444444444445,5865.0,83.1634146341463,47.0,8.64
ISR,2000,13.114569536423842,10.972,1472.0,78.9536585365854,131.6,6.608
ISR,2001,9.396026490066223,11.630666666666666,1515.0,79.4073170731707,128.6,7.019
ISR,2002,9.427814569536425,11.599,1362.0,79.4512195121951,125.0,6.923
ISR,2003,9.948344370860926,11.724333333333334,1390.0,79.6487804878049,118.9,6.855
ISR,2004,8.944966442953021,11.851666666666668,1443.0,80.1463414634146,112.2,6.804
ISR,2005,8.776510067114094,12.205666666666668,1512.0,80.1512195121951,110.2,6.902
ISR,2006,9.42980132450331,12.178666666666668,1558.0,80.5536585365854,105.2,6.708
ISR,2007,8.032885906040269,13.595999999999998,1773.0,80.5048780487805,102.4,6.695
ISR,2008,7.55503355704698,13.712333333333335,2129.0,80.9512195121951,5580.0,6.828
ISR,2009,7.551006711409396,14.132,2036.0,81.4048780487805,5460.0,6.901
ISR,2010,7.629530201342281,14.554,2240.0,81.6024390243903,93.8,6.872
ISR,2011,7.781208053691275,15.050333333333334,2446.0,81.6560975609756,91.3,6.823
ISR,2012,8.002013422818791,15.619666666666667,2410.0,81.7048780487805,86.6,6.96
ISR,2013,7.884563758389262,16.42388888888889,2681.0,82.0560975609756,84.4,6.96
ISR,2014,7.846308724832215,17.884722222222223,2816.0,82.1536585365854,81.9,7.051
ISR,2015,7.716107382550335,19.09055555555556,2661.0,82.0512195121951,64.4,7.038
ISR,2016,7.804026845637584,20.60277777777777,2801.0,82.4073170731707,62.4,7.121
ISR,2017,7.67986577181208,21.861666666666668,3094.0,82.5512195121951,59.9,7.196
ISR,2018,7.073825503355705,22.313611111111108,3220.0,82.8024390243903,73.4,7.258
ISR,2019,7.002684563758389,22.209444444444443,3354.0,82.8048780487805,71.8,7.225
ITA,2003,7.571140939597315,264.7004166666666,2163.0,79.9829268292683,134707.0,7.833
ITA,2004,7.542953020134228,285.18083333333334,2566.0,80.7804878048781,127025.0,8.165
ITA,2005,7.553020134228188,296.93583333333333,2678.0,80.7829268292683,124674.0,8.339
ITA,2006,7.555704697986576,316.9183333333333,2833.0,81.2829268292683,120611.0,8.437
ITA,2007,7.5369127516778525,317.3097222222222,3093.0,81.4341463414634,118677.0,8.136
ITA,2008,7.553691275167785,337.38138888888886,3504.0,81.4853658536585,116721.0,8.533
ITA,2009,7.5463087248322145,353.84361111111104,3338.0,81.6365853658537,115315.0,8.952
ITA,2010,7.5416107382550335,358.44916666666666,3218.0,82.0365853658537,111666.0,8.916
ITA,2011,7.594630872483222,371.7588888888889,3392.0,82.1878048780488,111008.0,8.774
ITA,2012,7.548993288590604,375.8077777777778,3086.0,82.2390243902439,110056.0,8.784
ITA,2013,7.52013422818792,378.2244444444445,3149.0,82.690243902439,106550.0,8.775
ITA,2014,7.551006711409396,384.2102777777778,3154.0,83.090243902439,46651.5,8.868
ITA,2015,7.595973154362416,389.75388888888887,2676.0,82.5439024390244,46638.5,8.857
ITA,2016,7.622818791946309,393.72,2700.0,83.2439024390244,101546.0,8.725
ITA,2017,7.567785234899329,395.4272222222223,2810.0,82.9463414634147,102037.0,8.678
ITA,2018,7.633557046979865,396.1741666666667,3003.0,83.3463414634146,61591.5,8.682
ITA,2019,7.691275167785235,404.9455555555556,2911.0,83.4975609756098,60382.5,8.656
KOR,2002,15.03020134228188,381.08375,531.89007568,76.7658536585366,131.5,4.052
KOR,2005,14.726845637583892,334.0408333333333,887.69561768,78.1682926829268,106.7,4.839
KOR,2008,17.604026845637584,312.4075,1137.20910645,79.5170731707317,88.5,5.4
KOR,2009,16.318120805369126,328.30305555555555,1099.13916016,79.9682926829268,19878.5,5.898
KOR,2010,16.391275167785235,328.9511111111111,1363.56091309,80.1170731707317,19301.0,6.026
KOR,2011,16.87315436241611,348.5088888888889,1507.55664063,80.5682926829269,76.5,6.124
KOR,2012,16.345637583892618,368.6444444444445,1553.32824707,80.819512195122,74.9,6.178
KOR,2013,16.783221476510068,379.1494444444445,1682.76391602,81.2707317073171,69.2,6.311
KOR,2014,17.213422818791944,378.87750000000005,1880.4420166,81.7219512195122,67.0,6.502
KOR,2015,18.61744966442953,385.35277777777776,1894.34753418,82.0243902439024,125.0,6.724
KOR,2016,18.018791946308724,403.9583333333333,2008.0982666,82.2756097560976,118.8,6.893
KOR,2017,18.977181208053693,415.66083333333336,2220.56420898,82.6268292682927,110.5,7.048
KOR,2018,19.43959731543624,427.3494444444445,2501.13964844,82.6268292682927,59.4,7.463
KOR,2019,19.076510067114093,442.2136111111111,2605.9934082,83.2268292682927,56.3,8.127
LUX,2000,7.746621621621622,7.96,2901.0,77.8731707317073,186.5,5.925
LUX,2001,7.726351351351352,7.883333333333333,3109.0,77.8243902439025,174.0,6.381
LUX,2002,8.602702702702704,8.375,3601.0,77.9658536585366,174.5,6.76
LUX,2003,8.493918918918919,9.636666666666668,4607.0,77.7268292682927,168.5,6.961
LUX,2004,8.265100671140939,10.079999999999998,5610.0,79.1219512195122,132.0,7.28
LUX,2005,8.416107382550335,6.826111111111112,5818.0,79.4317073170732,148.5,7.125
LUX,2006,8.241891891891893,6.919444444444444,6071.0,79.2878048780488,153.5,6.638
LUX,2007,8.608783783783784,7.023333333333333,6671.0,79.3829268292683,146.0,6.158
LUX,2008,8.447972972972973,7.272777777777778,7579.0,80.5390243902439,144.5,6.231
LUX,2009,8.508108108108107,7.185555555555556,7671.0,80.6365853658537,131.5,6.95
LUX,2010,8.538926174496645,7.100555555555555,7460.0,80.6317073170732,157.5,6.662
LUX,2011,8.54527027027027,6.674444444444445,7175.0,80.9878048780488,144.0,5.952
LUX,2012,8.512162162162163,6.406666666666666,6029.0,81.3926829268293,131.5,5.294
LUX,2013,8.41554054054054,6.156666666666666,6357.0,81.8,158.5,5.236
LUX,2014,8.452702702702704,6.2188888888888885,6547.0,82.2292682926829,122.0,5.23
LUX,2015,8.382432432432433,5.814444444444444,5422.0,82.2926829268293,66.8,5.081
LUX,2016,8.495945945945946,5.582222222222222,5475.0,82.6853658536585,63.6,5.071
MEX,2001,5.907382550335571,108.07,366.98071289,73.867,165.3,4.582
MEX,2002,6.038255033557047,128.42,388.02792358,74.106,169.1,4.83
MEX,2003,5.9818791946308725,140.68666666666667,414.04000854,74.274,169.9,5.54
MEX,2004,6.1516778523489934,50.92777777777778,448.06021118,74.372,167.3,5.684
MEX,2005,5.844295302013423,53.22138888888889,485.67388916,74.376,170.2,5.581
MEX,2006,5.875167785234899,61.176388888888894,516.06396484,74.331,169.9,5.406
MEX,2007,5.886577181208054,71.98916666666668,560.4942627,74.238,167.5,5.507
MEX,2008,5.626174496644295,79.60361111111112,576.71539307,74.152,173.1,5.446
MEX,2009,5.711409395973154,87.27166666666666,496.8142395,74.119,50664.5,5.848
MEX,2010,5.793959731543624,99.87055555555555,539.26550293,74.19,50921.5,5.49
MEX,2011,5.643624161073825,102.99583333333332,570.73046875,74.365,167.8,5.301
MEX,2012,5.571812080536913,120.1297222222222,587.82843018,74.574,170.5,5.421
MEX,2013,5.657046979865771,124.48666666666668,631.21350098,74.739,168.6,5.577
MEX,2014,5.728187919463087,132.93305555555557,615.10314941,74.797,175.0,5.353
MEX,2015,5.735570469798658,135.83305555555555,558.1651001,74.682,60118.0,5.527
MEX,2016,5.424161073825503,144.05333333333334,492.87399292,74.412,63115.5,5.385
MEX,2017,5.626845637583892,150.03277777777777,514.88970947,74.138,64294.5,5.312
MEX,2018,6.01523178807947,146.71666666666667,530.64782715,74.015,184.6,5.238
MEX,2019,5.816556291390729,159.36,552.70422363,74.202,188.8,5.297
NLD,2000,9.740939597315435,1.595,2028.0,77.9878048780488,13821.0,7.707
NLD,2004,8.016778523489933,57.58,3689.0,79.0951219512195,13057.0,9.111
NLD,2005,7.756375838926174,42.45125,3823.0,79.3463414634146,13111.0,9.097
NLD,2006,7.481208053691275,70.3025,4080.0,79.6975609756098,12631.0,9.081
NLD,2007,7.168456375838926,54.37875,4696.0,80.0975609756098,12629.0,9.053
NLD,2008,6.913422818791947,48.620000000000005,5382.0,80.2512195121951,12736.0,9.277
NLD,2009,6.6328859060402685,51.87583333333333,5283.0,80.5487804878049,12511.0,9.993
NLD,2010,6.385906040268456,55.395,5192.0,80.7024390243902,12538.0,10.155
NLD,2011,6.050335570469799,57.85333333333333,5562.0,81.2048780487805,12970.0,10.234
NLD,2012,5.93020134228188,53.60166666666667,5285.0,81.1048780487805,13053.0,10.539
NLD,2013,5.300675675675675,52.62166666666666,5533.0,81.3048780487805,12674.0,10.584
NLD,2014,5.072297297297298,58.35,5602.0,81.7073170731707,12519.0,10.567
NLD,2015,4.983108108108108,57.1875,4677.0,81.509756097561,194.0,10.324
NLD,2016,4.985135135135135,56.72958333333334,4644.0,81.5609756097561,190.7,10.294
NLD,2017,4.935135135135135,58.21,4935.0,81.7609756097561,12860.0,10.108
NLD,2018,4.819463087248322,61.01291666666666,5331.0,81.8121951219512,17967.0,10.02
NLD,2019,4.800000000000001,62.13791666666666,5341.0,82.1121951219512,17192.0,10.14
NZL,2000,12.409395973154362,22.665,1054.91210938,78.6365853658537,1820.0,7.47
NZL,2001,13.463513513513517,40.8725,1054.32800293,78.6926829268293,1838.0,7.579
NZL,2002,14.148993288590605,36.55166666666667,1250.92895508,78.8463414634146,1804.0,7.9
NZL,2003,15.028859060402684,28.08625,1611.79040527,79.1463414634146,1694.0,7.722
NZL,2004,15.604026845637584,36.09333333333333,1983.18701172,79.5487804878049,1655.0,7.901
NZL,2006,16.488590604026847,17.345,2305.14648438,80.0487804878049,1640.5,8.638
NZL,2007,14.81418918918919,42.461666666666666,2706.79956055,80.1512195121951,1696.0,8.329
NZL,2008,14.44496644295302,26.34083333333333,2851.11914063,80.3512195121951,1642.5,9.124
NZL,2009,13.833783783783783,27.93416666666667,2713.81420898,80.7024390243902,1651.0,9.621
NZL,2010,14.60135135135135,29.00333333333333,3233.77856445,80.9048780487805,1546.5,9.593
NZL,2011,13.916216216216217,29.781666666666663,3656.73071289,81.1560975609756,1569.5,9.52
NZL,2012,13.06081081081081,29.750833333333333,3856.1730957,81.4073170731707,1604.0,9.652
NZL,2013,13.324324324324325,31.344166666666663,4014.97460938,81.4048780487805,3137.5,9.36
NZL,2014,10.80945945945946,31.878,4192.74365234,81.4568292682927,3329.0,9.402
NZL,2015,12.152702702702705,32.248,3600.95629883,81.6124390243903,68.4,9.283
NZL,2016,11.40337837837838,32.425000000000004,3739.40136719,81.6585365853659,66.2,9.244
POL,2003,8.806711409395973,141.27166666666668,339.0,74.5975609756098,393.7,5.954
POL,2004,8.471140939597316,129.17125,392.0,74.8463414634146,386.8,5.868
POL,2005,8.822147651006711,137.76874999999998,466.0,74.9951219512195,379.2,5.807
POL,2006,8.584563758389262,142.1325,524.0,75.1439024390244,377.8,5.803
POL,2007,8.38255033557047,153.80625,661.0,75.2439024390244,374.6,5.873
POL,2008,8.436241610738255,119.556,893.0,75.5439024390244,367.5,6.376
POL,2009,8.447651006711409,132.177,760.0,75.6951219512195,128147.0,6.588
POL,2010,8.342953020134228,146.406,809.0,76.2463414634146,123440.0,6.468
POL,2011,8.067785234899329,92.81566666666669,866.0,76.6951219512195,328.1,6.287
POL,2012,7.698657718120805,96.097,815.0,76.7463414634146,322.1,6.265
POL,2013,7.563758389261745,97.29666666666668,878.0,77.0,312.1,6.48
POL,2014,7.524832214765101,88.63361111111111,911.0,77.6024390243903,293.1,6.319
POL,2015,7.824832214765101,96.5011111111111,804.0,77.4512195121951,77079.0,6.404
POL,2016,7.719463087248322,95.6475,816.0,77.8512195121951,77361.0,6.571
POL,2017,7.725503355704698,94.16583333333334,910.0,77.7536585365854,79311.0,6.583
POL,2018,7.696644295302014,101.8625,979.0,77.6024390243903,287.2,6.313
POL,2019,7.660402684563758,103.68805555555556,1014.0,77.9048780487805,291.4,6.46
PRT,2002,7.973426573426573,32.33,1139.0,77.0658536585366,6498.0,8.786
PRT,2003,7.780555555555556,33.1425,1443.0,77.219512195122,6236.0,9.124
PRT,2007,7.620833333333333,87.275,2113.0,78.3219512195122,5339.5,9.252
PRT,2008,7.731944444444444,54.49222222222223,2392.0,78.5243902439025,5274.0,9.583
PRT,2009,7.627777777777778,47.3425,2347.0,78.7268292682927,5178.5,10.131
PRT,2010,7.7027777777777775,56.36999999999999,2259.0,79.0268292682927,5031.5,10.033
PRT,2011,7.753472222222222,37.94416666666667,2256.0,80.4707317073171,203.8,9.731
PRT,2012,7.725694444444445,38.962500000000006,1980.0,80.3731707317073,196.1,9.654
PRT,2013,7.548611111111111,39.07083333333333,2031.0,80.7219512195122,4608.5,9.405
PRT,2014,7.663888888888889,41.3725,2060.0,81.1219512195122,4701.5,9.343
PRT,2015,7.736805555555556,40.28916666666667,1791.0,81.1243902439025,4632.0,9.316
PRT,2018,8.069594594594594,44.3275,2216.0,81.3243902439024,4604.5,9.413
PRT,2019,8.20945945945946,46.33,2222.0,81.6756097560976,4365.5,9.514
SVK,2000,10.49731543624161,10.009444444444444,204.0,73.0512195121951,515.5,5.303
SVK,2001,10.019463087248322,10.541666666666666,212.0,73.4024390243903,504.5,5.332
SVK,2002,9.34765100671141,11.529444444444444,254.0,73.6048780487805,486.7,5.509
SVK,2003,9.177852348993287,13.77,344.0,73.6048780487805,480.6,5.448
SVK,2004,9.269127516778523,15.876666666666663,512.0,73.9585365853659,464.0,6.469
SVK,2005,8.948322147651007,16.99388888888889,601.0,73.9048780487805,462.3,6.589
SVK,2006,8.835570469798657,17.25583333333333,729.0,74.2048780487805,453.8,6.851
SVK,2008,8.259060402684565,19.025,1252.0,74.7048780487805,424.1,6.956
SVK,2009,8.077181208053691,18.689722222222223,1320.0,74.909756097561,406.5,7.948
SVK,2010,7.832214765100671,19.14333333333333,1297.0,75.1121951219512,396.6,7.666
SVK,2012,7.893288590604027,20.01111111111112,1319.0,76.109756097561,376.5,7.536
SVK,2014,7.66510067114094,21.979444444444443,1289.0,76.8121951219512,346.8,6.884
SVK,2016,7.604026845637584,22.432222222222222,1176.0,77.1658536585366,336.7,6.973
SVK,2017,7.495973154362415,23.085,1189.0,77.1658536585366,195.5,6.757
SVK,2018,7.366442953020135,22.94888888888889,1300.0,77.2658536585366,197.8,6.666
SVK,2019,7.380405405405406,21.82638888888889,1342.0,77.6658536585366,3218.5,6.92
SVN,2002,7.2405405405405405,3.0016666666666665,945.0,76.0073170731707,2196.0,8.021
SVN,2004,8.725503355704697,7.203333333333333,1369.0,77.2073170731707,209.6,7.94
SVN,2005,8.822147651006711,7.499666666666666,1449.0,77.6121951219512,197.0,7.996
SVN,2006,8.643624161073825,7.655277777777778,1542.0,78.0865853658537,193.6,7.823
SVN,2007,8.880536912751678,8.473333333333334,1796.0,78.5609756097561,195.1,7.511
SVN,2008,8.523489932885907,8.384722222222221,2179.0,78.7658536585366,187.7,7.855
SVN,2009,8.363758389261745,8.607777777777779,2125.0,78.9707317073171,181.2,8.541
SVN,2010,8.115436241610738,9.011111111111113,2017.0,79.4219512195122,172.9,8.565
SVN,2011,8.105369127516779,9.254166666666666,2148.0,79.9707317073171,167.7,8.536
SVN,2012,8.15234899328859,9.165833333333332,1975.0,80.1243902439024,166.6,8.715
SVN,2013,7.793959731543624,8.996944444444445,2055.0,80.3219512195122,161.0,8.74
SVN,2014,7.839597315436242,9.073888888888888,2062.0,81.0780487804878,150.9,8.502
SVN,2015,7.706711409395973,9.155833333333334,1776.0,80.7756097560976,2617.5,8.517
SVN,2016,7.814093959731544,9.731666666666667,1835.0,81.1756097560976,2621.5,8.478
SVN,2017,7.774496644295302,9.975555555555555,1925.0,81.0292682926829,2575.0,8.185
SVN,2018,7.7791946308724835,10.216666666666669,2170.0,81.3780487804878,2482.5,8.277
SVN,2019,7.522818791946307,10.515555555555556,2219.0,81.5292682926829,141.5,8.491
TUR,2009,4.2,208.69,494.0,74.765,147.5,5.494
TUR,2010,4.1,216.41916666666668,533.0,75.069,147.4,5.021
TUR,2011,5.131292517006802,234.7025,526.0,74.941,148.5,4.653
TUR,2012,5.129251700680272,264.64,520.0,75.678,142.4,4.444
TUR,2013,5.226351351351352,272.2783333333333,547.0,76.297,162.8,4.371
TUR,2014,5.341216216216216,277.55083333333334,520.0,76.565,135.3,4.325
TUR,2015,4.695945945945946,284.8458333333333,447.0,76.646,136.9,4.117
TUR,2016,4.80608108108108,296.78000000000003,460.0,76.66,156.2,4.285
TUR,2017,4.873648648648648,306.6041666666667,437.0,77.141,149.7,4.18
TUR,2018,4.905405405405405,313.38666666666666,388.0,77.563,139.6,4.121
USA,2000,4.982876712328767,6500.96,4533.82617188,76.6365853658537,252.5,12.49
USA,2001,4.916551724137931,2836.562142857143,4881.20751953,76.8365853658537,248.9,13.168
USA,2002,4.941379310344828,6609.4,5304.52001953,76.9365853658537,246.6,13.995
USA,2003,4.961267605633803,2997.582142857143,5708.55175781,77.0365853658537,243.1,14.506
USA,2004,4.986013986013986,3453.324285714286,6047.81835938,77.4878048780488,235.9,14.551
USA,2005,4.940845070422535,6835.05,6404.18603516,77.4878048780488,233.0,14.579
USA,2006,4.759027777777778,3563.26,6779.22753906,77.6878048780488,228.2,14.709
USA,2007,4.82887323943662,3571.532142857143,7132.44677734,77.9878048780488,222.4,14.918
USA,2008,4.915942028985507,2940.638571428572,7347.45458984,78.0390243902439,92.5,15.207
USA,2009,4.863043478260869,6427.385,7602.74560547,78.390243902439,89.9,16.201
USA,2010,4.8362318840579706,2790.0621428571426,7833.04492188,78.5414634146342,208.3,16.197
