Series Name,Series Code,Country Name,Country Code,2000 [YR2000],2001 [YR2001],2002 [YR2002],2003 [YR2003],2004 [YR2004],2005 [YR2005],2006 [YR2006],2007 [YR2007],2008 [YR2008],2009 [YR2009],2010 [YR2010],2011 [YR2011],2012 [YR2012],2013 [YR2013],2014 [YR2014],2015 [YR2015],2016 [YR2016],2017 [YR2017],2018 [YR2018],2019 [YR2019]
GDP (current US$),NY.GDP.MKTP.CD,Afghanistan,AFG,3521418059.92345,2813571753.87253,3825701438.99963,4520946818.54581,5224896718.67782,6203256538.70967,6971758282.29351,9747886187.39393,10109297047.5432,12416152732.0567,15856668555.8336,17805098206.3141,19907329777.5872,20146416757.5987,20497128555.6972,19134221644.7325,18116572395.0772,18753456497.8159,18053222687.4126,18799444490.1128
GDP (current US$),NY.GDP.MKTP.CD,Albania,ALB,3480355258.04122,3922100793.5403,4348068242.19512,5611496257.14231,7184685781.51876,8052077248.14638,8896075004.63516,10677324852.8822,12881352893.6855,12044205549.6571,11926926615.8015,12890760315.146,12319834195.331,12776224496.9718,13228147516.1168,11386853113.0189,11861199830.8396,13019726211.7369,15156424015.1977,15401826127.2539
GDP (current US$),NY.GDP.MKTP.CD,Algeria,DZA,54790398570.3282,59413400923.6364,61516103406.1688,73482264190.9245,91913680985.1708,107046618669.707,123084258693.01,142482739809.849,180383848331.135,150317292079.359,177785053939.531,218331946925.304,227143746075.934,229701430292.157,238942664192.59,187493855609.345,180763839522.151,189880896903.073,194554483655.528,193459662090.677
GDP (current US$),NY.GDP.MKTP.CD,American Samoa,ASM,..,..,512000000,524000000,509000000,500000000,493000000,518000000,560000000,675000000,573000000,570000000,640000000,638000000,643000000,673000000,671000000,612000000,639000000,647000000
GDP (current US$),NY.GDP.MKTP.CD,Andorra,AND,1432606188.69324,1548265808.05802,1764279824.29752,2366941808.94404,2900245324.49221,3161084091.11674,3459337986.44948,3957625367.21959,4102319399.02343,3688976340.7549,3449925738.86069,3629133574.27783,3188652765.36184,3193512950.02419,3271685596.66321,2789881258.50362,2896610479.73077,3000162081.11976,3218419896.9641,3155149347.80639
GDP (current US$),NY.GDP.MKTP.CD,Angola,AGO,9129594970.15301,8936079117.73136,15285592370.374,17812704586.4397,23552057679.4994,36970900883.8109,52381025141.4268,65266415494.2584,88538665084.8634,70307196181.6539,83799474069.7315,111789747670.59,128052915766.343,132339109040.232,135966802586.713,90496420506.5957,52761617225.9253,73690154990.7312,79450688259.3664,70897962732.0277
GDP (current US$),NY.GDP.MKTP.CD,Antigua and Barbuda,ATG,900551851.851852,877514814.814815,897988888.888889,947955555.555555,1026181481.48148,1143714814.81481,1303548148.14815,1487300000,1557540740.74074,1386444444.44444,1298255555.55556,1281337037.03704,1327107407.40741,1325425925.92593,1378829629.62963,1437755555.55556,1489692592.59259,1531151851.85185,1661529629.62963,1725351851.85185
GDP (current US$),NY.GDP.MKTP.CD,Argentina,ARG,284203750000,268696750000,97724004251.8602,127586973492.177,164657930452.787,198737095012.282,232557260817.308,287530508430.568,361558037110.419,332976484577.619,423627422092.49,530158122010.442,545982375701.128,552025140252.246,526319673731.638,594749285413.212,557532320662.955,643628393281.364,524819892360.176,447754683615.225
GDP (current US$),NY.GDP.MKTP.CD,Armenia,ARM,1911563668.85006,2118467913.37873,2376335048.39976,2807061008.69084,3576615240.41616,4900469511.10191,6384452066.5146,9206301269.79164,11662040713.8753,8647937081.2562,9260285755.62424,10142111824.5835,10619320682.9474,11121464437.0415,11609513246.7958,10553337518.414,10546136235.5219,11527458709.0158,12457940694.7395,13619290539.2116
GDP (current US$),NY.GDP.MKTP.CD,Aruba,ABW,1873452513.96648,1896456983.24022,1961843575.41899,2044111731.84358,2254830726.25698,2360017318.43575,2469782681.56425,2677641340.78212,2843024581.00559,2553793296.08939,2453597206.70391,2637859217.87709,2615208379.88827,2727849720.67039,2790849720.67039,2962907262.56983,2983635195.53073,3092429050.27933,3276184357.5419,3395798882.68156
GDP (current US$),NY.GDP.MKTP.CD,Australia,AUS,416167815092.908,379629301675.108,395788696012.059,467739079790.332,614659980082.515,695692898676.56,748417562769.636,855007458585.224,1056112427190.38,928762122698.05,1148890200292.42,1398701323029.63,1547649835732.89,1577301840200.01,1468597690006.22,1351768945139.11,1207580901578.72,1326882104817,1429733668185.91,1394671325960.57
GDP (current US$),NY.GDP.MKTP.CD,Austria,AUT,197289625479.906,197508773215.323,214394866675.24,262273631180.054,301457562038.541,316092273276.015,336280064332.411,389185571506.052,432051935642.945,401758735822.211,392275107258.667,431685217367.511,409401816050.531,430190979705.962,442584815286.034,381971148530.543,395837353031.499,417261151844.977,454991174096.102,444596155845.254
GDP (current US$),NY.GDP.MKTP.CD,Azerbaijan,AZE,5272615722.96892,5707616203.72011,6236087738.28284,7276413079.11451,8680405740.94125,13245421880.834,20981929497.6188,33049419431.2244,48851293785.4483,44292427184.9492,52909294791.9262,65952796427.9473,69679944504.1972,74160560123.6902,75239785452.1022,53076235354.746,37866996882.9157,40866627351.9817,47112470051.7701,48174235294.1176
GDP (current US$),NY.GDP.MKTP.CD,"Bahamas, The",BHS,8076470000,8317830000,8881160000,8870090000,9055290000,9836200000,10167250000,10618340000,10526000000,9981960000,10095760000,10070450000,10720500000,10395800000,10974100000,11671900000,11745100000,12236700000,12615800000,13016200000
GDP (current US$),NY.GDP.MKTP.CD,Bahrain,BHR,9062898936.17021,8976196808.51064,9593510638.29787,11074813829.7872,13150159574.4681,15968723404.2553,18504760638.2979,21730000000,25710904255.3191,22938218085.1064,25713271276.5957,28776595744.6809,30749308510.6383,32539468085.1064,33387712765.9574,31125851063.8298,32250132978.7234,35423643617.0213,37802005319.1489,38653318085.1064
GDP (current US$),NY.GDP.MKTP.CD,Bangladesh,BGD,53369787318.6245,53991289844.3291,54724081490.5102,60158929188.2556,65108544250.0425,69476001429.8626,71795735672.0149,79611644984.3557,91636997445.2424,102475158462.511,115275540861.36,128607482927.468,133310747047.528,149998957327.029,172886611131.255,195146607942.291,265224514652.992,293732447017.328,321362751137.574,351231655150.827
GDP (current US$),NY.GDP.MKTP.CD,Barbados,BRB,3059500000,3054500000,3106500000,3209500000,3444500000,3819500000,4217323400,4675767950,4790410400,4466809600,4534772750,4662343500,4622687600,4693452700,4711838650,4738650450,4848210350,5000457800,5128345200,5367139250
GDP (current US$),NY.GDP.MKTP.CD,Belarus,BLR,12736780455.1539,12354820143.8849,14594900944.7658,17825444724.4878,23141566292.9462,30210091836.8294,36961894281.3444,45275711995.825,60752106347.126,50873167326.0414,57231904542.8755,61762382327.9319,65685890438.8922,75527558966.4473,78812805039.0743,56454889146.6088,47723545321.259,54725302249.8088,60031173807.7196,64410122847.3508
GDP (current US$),NY.GDP.MKTP.CD,Belgium,BEL,236792460312.471,236746141604.37,258383599375.177,318082528506.588,369214712443.206,385714762230.039,408259840868.823,470922156309.453,517328087920.078,483254171097.812,481420882905.001,523330354138.133,496152879924.727,521791015247.06,535390200131.018,462335574841.484,476062757356.927,502764720556.354,543299066998.902,535865804349.803
GDP (current US$),NY.GDP.MKTP.CD,Belize,BLZ,1134756760.62071,1168127973.94349,1240059540.09348,1303381860.75674,1394273990.60003,1468145956.19917,1584207353.22049,1699214298.91439,1731921564.0667,1681473348.43468,1739070295.44027,1818831938.17757,1899503249.8643,2021757434.18064,2125125606.25723,2194709309.24204,2240593542.9757,2266664817.08822,2292787335.62452,2386792476.10637
GDP (current US$),NY.GDP.MKTP.CD,Benin,BEN,3519991440.47913,3666222635.13875,4194342686.2178,5349258094.48239,6190270380.49856,6567654954.38903,7034111314.88812,8169048382.83875,9787734526.23965,9738626517.00319,9535345015.78355,10693321363.6574,11141358115.8991,12517845123.9315,13284527846.9081,11388160996.7738,11821065853.3838,12701655836.9467,14262408089.9261,14390708751.025
GDP (current US$),NY.GDP.MKTP.CD,Bermuda,BMU,3480219000,3680483000,3937228000,4186525000,4484703000,4868136000,6144000000,6767000000,6980000000,6656000000,6634526000,6312691000,6378188000,6465756000,6413988000,6654541000,6899911000,7142316000,7225977000,7423465000
GDP (current US$),NY.GDP.MKTP.CD,Bhutan,BTN,460733418.399276,496110225.710307,559345263.708309,651935430.314445,735348490.428435,860391000.221655,942879878.538879,1255767964.00491,1317517834.59916,1331343797.77308,1673464261.27982,1938441288.7919,1939730676.17479,1913162477.22079,2057330872.73151,2154921010.65558,2322730512.46893,2591358115.15844,2583335723.32125,2735683408.57651
GDP (current US$),NY.GDP.MKTP.CD,Bolivia,BOL,8397855484.76908,8141516928.39489,7905485146.44351,8082399639.54305,8773451751.5121,9549122905.32852,11451844902.2214,13120108008.3477,16674276285.8956,17339992193.7322,19649723722.1034,23963164696.592,27084497481.9103,30659338885.6729,32996188017.3661,33000198248.9146,33941126193.9219,37508642170.767,40287647930.5355,40895322850.9407
GDP (current US$),NY.GDP.MKTP.CD,Bosnia and Herzegovina,BIH,5567772768.81188,5800615466.26648,6728220886.64546,8498894359.38629,10156541538.399,11222796336.5426,12864841905.9543,15778734264.3787,19112796623.1175,17613949091.2294,17176315803.7298,18644233537.1093,17226735995.6905,18179108530.5261,18558733564.4692,16404348871.4437,17116926327.6247,18326373366.1105,20484053868.9246,20482608755.379
GDP (current US$),NY.GDP.MKTP.CD,Botswana,BWA,5788329609.15755,5489608299.66445,5438863982.88692,7511582173.37724,8957467706.5354,9918907108.09702,9919158482.41085,10567270655.5027,10730829116.4105,10118459242.3183,12637273429.1339,15110643612.1729,13907464500.1489,14271738933.2042,15470088500.7414,13530748844.505,15082637184.0496,16105155856.7708,17031943186.1353,16725908148.5481
GDP (current US$),NY.GDP.MKTP.CD,Brazil,BRA,655448231983.527,559983634798.981,509795273806.715,558233745651.874,669289424806.307,891633839853.105,1107626541710.74,1397114486471.38,1695855083552.05,1666996438681.46,2208837745214.23,2616156223977.47,2465227803011.57,2472819535742.73,2456043727198.85,1802212206904.68,1795693482652.52,2063514977334.32,1916933898038.36,1873288205186.45
GDP (current US$),NY.GDP.MKTP.CD,British Virgin Islands,VGB,..,..,..,..,..,..,..,..,..,..,..,..,..,..,..,..,..,..,..,..
GDP (current US$),NY.GDP.MKTP.CD,Brunei Darussalam,BRN,6001282104.08228,5601018684.24974,5843368267.85391,6557397070.22741,7872202803.40877,9531420027.79385,11470464771.013,12247677993.9248,14393434224.7597,10732595016.1182,13707280259.9763,18525128526.3766,19048443340.7732,18094321616.7959,17097802752.8728,12930291487.9581,11400466356.3898,12128183904.4501,13566937673.7966,13469235364.7032
GDP (current US$),NY.GDP.MKTP.CD,Bulgaria,BGR,13245990274.4581,14183446025.7389,16403043849.8297,21144957990.4681,26157743368.8716,29868657858.0082,34380536495.6739,44432811756.4731,54480684188.4442,52023801230.12,50760929302.5147,57737040780.0157,54288135058.7926,55852123989.9504,57157782909.9307,50811995688.6771,53964253211.84,59309748166.1179,66370132238.3914,68881010245.5498
GDP (current US$),NY.GDP.MKTP.CD,Burkina Faso,BFA,2968370087.59759,3190371080.94768,3622350062.96053,4740768142.67494,5451688537.60959,6146353173.34929,6547419820.38113,7625722836.76847,9451435490.11467,9450696873.34326,10109619740.6994,12080295977.5632,12561015156.5683,13444300485.8412,13943016076.7436,11832159315.6298,12833363045.3367,14106955615.3442,15890066221.2882,16032813501.6639
GDP (current US$),NY.GDP.MKTP.CD,Burundi,BDI,870486065.883137,876794723.068586,825394519.423728,784654423.620476,915257323.3961,1117113079.73645,1273375078.44844,1356199387.42308,1611835857.04588,1781455139.85931,2032135192.01248,2235820809.32006,2333341334.45753,2451606632.29246,2705783329.80483,3104003546.26497,2644487776.50077,2723586962.84034,2667182199.51333,2576518879.82353
GDP (current US$),NY.GDP.MKTP.CD,Cabo Verde,CPV,539227277.626411,563090490.377368,620507387.466174,813260468.873834,924940011.836897,972241676.907662,1107571457.90614,1649621738.63689,1959620648.31578,1852334575.17521,1824751467.92957,2046817987.20109,1913081210.41411,2028910915.16446,2041930125.42979,1749857620.35329,1849789985.99572,1996741539.95088,2205099506.99994,2252177124.32402
GDP (current US$),NY.GDP.MKTP.CD,Cambodia,KHM,3654031716.39855,3984000517.07441,4284028482.51213,4658246918.32119,5337833248.01434,6293046161.75932,7274595706.57406,8639235912.59077,10351914177.4839,10401851767.7083,11242275287.581,12829541141.062,14054443213.4887,15227991395.1207,16702610842.3529,18049954289.4721,20016747857.6367,22177200588.1826,24571753583.3935,27089390032.798
GDP (current US$),NY.GDP.MKTP.CD,Cameroon,CMR,10566579294.5159,10953485345.222,12417251341.6028,15970315030.2397,18826214125.2317,19509852219.8997,20910512979.1277,23928250409.2212,27715142006.0181,27932970296.8516,27507501808.6377,30630910513.4884,30155062302.4497,33728621190.4164,36386544715.2702,32210233021.4049,33814337040.7817,36098547058.7851,39955552189.795,39667757527.6578
GDP (current US$),NY.GDP.MKTP.CD,Canada,CAN,744773415931.587,738981792355.372,760649334098.005,895540646634.787,1026690238278.25,1173108598778.68,1319264809590.97,1468820407783.26,1552989690721.65,1374625142157.29,1617343367486.26,1793326630174.52,1828366481521.6,1846597421834.98,1805749878439.94,1556508816217.14,1527994741907.43,1649265644244.09,1725329192783.02,1743725183672.52
GDP (current US$),NY.GDP.MKTP.CD,Cayman Islands,CYM,..,..,..,..,..,..,4200288282.10157,4466278030.59167,4585948969.33223,4281714618.03238,4156841163.77763,4186073160.18253,4291004485.56803,4405796081.15984,4562853582.32463,4708167255.28727,4909322200.00212,5166281293.18715,5530178498.90783,5941896599.57333
GDP (current US$),NY.GDP.MKTP.CD,Central African Republic,CAF,916777282.691659,932648604.751954,996068144.884889,1142315522.53864,1272360517.32373,1337894378.73743,1461859762.33459,1699811294.94935,1993407888.49838,2067381665.25454,2142591540.40068,2437982705.12093,2510126512.22831,1691544110.18543,1894813389.40325,1695825714.19282,1825018144.65595,2072349972.6818,2220979146.11241,2221301351.43918
GDP (current US$),NY.GDP.MKTP.CD,Chad,TCD,1388506771.58756,1710843377.00119,1997005708.81576,2742815071.5744,4422855660.82592,6649307523.64377,7428701453.91509,8650137743.32547,10393833765.3651,9290728318.98821,10668103554.1192,12172308851.0395,12367362757.1342,12953534866.4286,13940767218.5849,10950392256.9543,10097778098.1707,10000394381.0177,11239167898.3395,11314951091.7283
GDP (current US$),NY.GDP.MKTP.CD,Channel Islands,CHI,6439703434.71024,6232906290.4851,6663669064.7482,7332244897.95918,8553643354.08275,8827272727.27273,9676172953.08188,11514605842.3369,..,..,..,..,..,..,..,..,9072059721.02166,9070980826.69076,9940766574.08511,9921386549.99805
GDP (current US$),NY.GDP.MKTP.CD,Chile,CHL,78339750721.7352,71574739561.4329,70264045939.1322,76492579644.0605,99075985773.176,122294145162.835,153843518171.43,172491076033.863,179894594475.98,171777900623.177,217051209240.298,251382573885.594,267024782480.28,277395018837.366,259560978231.552,242450355827.827,249344863933.461,276154259987.103,295857562991.709,278285058719.466
GDP (current US$),NY.GDP.MKTP.CD,China,CHN,1211331651866.09,1339400897105.11,1470557654799.95,1660280543846.79,1955346768721.39,2285961149879.85,2752118657184.02,3550327802998.4,4594336785737.67,5101691124285.21,6087191746679.49,7551545703440.75,8532185381680.59,9570471111831.68,10475624944355.2,11061572618578.7,11233313730348.7,12310491333980.9,13894907857880.6,14279968506271.7
GDP (current US$),NY.GDP.MKTP.CD,Colombia,COL,99875074951.0278,98200641203.3892,97945812802.8882,94644969157.0987,117092416666.245,145600529605.803,161792958904.864,206229540926.311,242504150472.931,232468663109.594,286498534094.963,334966134804.887,370691143018.039,382093697077.685,381240864422.406,293492370193.166,282720100286.228,311866875156.879,334198218098.276,323031701192.84
GDP (current US$),NY.GDP.MKTP.CD,Comoros,COM,351136579.648632,378512024.077556,425964681.044378,546885222.713065,633706110.795614,653845169.168576,698431793.872776,795673152.867077,915659107.965823,905341172.70583,907978730.887844,1023086273.53336,1015843490.82374,1116224106.83728,1149587661.00693,966029600.862227,1012835493.19325,1077439756.59451,1188797449.38584,1195019531.9011
GDP (current US$),NY.GDP.MKTP.CD,"Congo, Dem. Rep.",COD,19088046305.7971,7438189100.33333,8728038525.14034,8937567059.87754,10297483481.223,11964484465.9388,14451901696.3878,16737071816.38,19788515590.1284,18648372553.0921,21565721044.8462,25839749199.3671,29306235285.2597,32679745048.4427,35909040925.9375,37917706497.1793,37134801555.3322,38019264794.8263,47568210009.8172,51775829877.2088
GDP (current US$),NY.GDP.MKTP.CD,"Congo, Rep.",COG,3227927697.57921,2796704604.03812,3034250923.97726,3503723087.74483,4656974940.12721,6650001680.48544,8072305029.06514,8782703436.70188,11649857673.4436,9723299915.25312,13148396211.5955,15655383576.6515,17692911296.3044,17958720699.0868,17919321082.5539,12434793867.7228,10931328149.6857,11834473047.7636,14773900277.9221,13976637328.8474
GDP (current US$),NY.GDP.MKTP.CD,Costa Rica,CRI,15013629658.6521,15976174336.9721,16578820687.2881,17271760506.9483,18610594846.2083,20040642476.9817,22715540324.6944,26884700344.8406,30801744881.9502,30745714312.9905,37658614803.848,42762613699.9524,47231655431.1389,50949668840.8692,52016408951.8225,56441920821.0806,58847019609.6549,60516044657.2254,62420164991.5374,64417670521.1842
GDP (current US$),NY.GDP.MKTP.CD,Cote d'Ivoire,CIV,16577533891.8785,16810537043.8407,18054383320.8474,21251754340.4305,23510575681.3686,24036918703.1747,25281413263.3712,28760090953.3081,34078240293.2559,33886813250.2036,34936307980.063,36693710801.3976,36302302877.2977,42760235484.6093,48843005613.7091,45815005169.2651,48407761036.8238,52512343996.69,58522477786.6889,60382894697.3557
GDP (current US$),NY.GDP.MKTP.CD,Croatia,HRV,22128414548.5444,23062561236.6444,26757989560.5798,35256066455.7356,41855195584.6518,45025679589.5466,49601653625.1683,59320099744.9501,68526332324.3644,62093280554.1259,58836405998.5311,62772620898.6471,57411354937.6808,59589170667.5698,59489433514.5849,51011170111.8487,52740059263.4245,56322449844.1579,61861145806.2687,61867157679.3215
GDP (current US$),NY.GDP.MKTP.CD,Cuba,CUB,30565400000,31682400000,33590500000,35901200000,38203000000,42643836100,48835925925.9259,54262870370.3704,56302129629.6296,57481481481.4815,59562962962.963,68990000000,73141000000,77148000000,80656100000,87132800000,91370407863.7,96850649691.7406,100050036096.123,103427600000
GDP (current US$),NY.GDP.MKTP.CD,Curacao,CUW,..,..,..,..,..,..,..,..,..,..,..,2930092234.63687,3012836256.98324,3033568603.35196,3059406983.24022,3058779217.87709,3024690167.59777,3033433240.22346,3046364804.46927,3026124134.07821
GDP (current US$),NY.GDP.MKTP.CD,Cyprus,CYP,9985844486.33365,10397897085.6102,11420227884.6154,14547325028.3126,17320552500,18433411267.2553,20072786350.5206,23968764029.5647,27844698989.3072,26048249356.8358,25799940416.2212,27641551807.2994,25047433100.1301,23959708956.3563,23225912184.5047,19909269064.1204,21046452116.3809,22946583374.7569,25597301190.9231,25947020102.4332
GDP (current US$),NY.GDP.MKTP.CD,Czechia,CZE,61828166496.0941,67808032979.5429,82196001050.7474,100090467581.268,119814434353.575,137143471328.274,156264095664.643,190183800884.018,236816485762.988,207434296805.33,209069940963.177,229562733398.948,208857719320.649,211685616592.931,209358834156.329,188033050459.881,196272068576.338,218628940951.675,249000540729.179,252548179964.897
GDP (current US$),NY.GDP.MKTP.CD,Denmark,DNK,164158739097.623,164791442543.375,178635163717.431,218096033517.009,251373002954.382,264467336457.17,282884947702.966,319423424509.066,353361038818.383,321241303699.006,321995279401.502,344003137611.271,327148943812.137,343584391647.927,352993631617.708,302673070846.857,313115929314.339,332121063806.391,356841216410.068,346498737961.635
GDP (current US$),NY.GDP.MKTP.CD,Djibouti,DJI,551230861.856505,572417440.820162,591122039.601398,622044665.515049,666072101.777505,708633194.726566,768873684.032838,847918929.107984,999105339.267729,1049110684.72493,1128611700.3618,1239144501.77525,1353632941.5207,2042817162.85639,2214679081.25658,2424391785.43897,2604955228.70117,2762581334.22612,2913466732.12507,3088853638.56832
GDP (current US$),NY.GDP.MKTP.CD,Dominica,DMA,333470370.37037,340203703.703704,333196296.296296,343311111.111111,367200000,364255555.555556,390251851.851852,421374074.074074,458188888.888889,489074074.074074,493825925.925926,501025925.925926,485996296.296296,498296296.296296,520429629.62963,540737037.037037,576229629.62963,521551851.851852,554770370.37037,611537037.037037
GDP (current US$),NY.GDP.MKTP.CD,Dominican Republic,DOM,24305780628.6677,25601823687.5742,27137440786.2562,21403167848.1444,22322387382.494,35777560683.9366,37879830084.2627,43965458508.5056,48122601530.3324,48261078913.7266,53860187257.9593,58029773599.455,60681535652.5373,62682159338.0354,67179955677.2791,71164826836.5281,75704647877.6559,79998046305.79,85555390139.118,88941372558.2397
GDP (current US$),NY.GDP.MKTP.CD,Ecuador,ECU,17539454727.3637,23127055000,27054197000,30965208000,35194947000,40278849000,45690762000,49848725000,61139438000,60094978000,68151329000,78986648000,87735048000,96570334000,102717794000,97209558000,97671433000,104467486000,107478962000,107595829000
GDP (current US$),NY.GDP.MKTP.CD,"Egypt, Arab Rep.",EGY,99838543960.0763,96684636118.5984,85146067415.7303,80288461538.4615,78782467532.4675,89600665557.4043,107426086956.522,130437828371.278,162818181818.182,189147005444.646,218983666061.706,235989672977.625,279116666666.667,288434108527.132,305595408895.265,329366576819.407,332441717791.411,248362771739.13,262588632526.73,318678815489.749
GDP (current US$),NY.GDP.MKTP.CD,El Salvador,SLV,11784927700,12282533600,12664190300,13243892200,13724810900,14698000000,15999890000,17011750000,17986890000,17601620000,18447920000,20283780000,21386150000,21990960000,22593470000,23438240000,24191430000,24979190000,26020850000,26881140000
GDP (current US$),NY.GDP.MKTP.CD,Equatorial Guinea,GNQ,1045998496.43872,1461139022.02954,1806742742.27311,2484745935.09329,4410764338.66733,8217369092.65224,10086528698.8604,13071718758.7373,19749893536.3204,15027795173.2187,16314443436.2903,21357343668.9447,22388344143.9131,21948834283.7856,21765453081.9826,13185496881.0174,11240808847.8878,12200913878.9827,13097012133.6159,11364133549.7478
GDP (current US$),NY.GDP.MKTP.CD,Eritrea,ERI,706370815.584416,752371688.743186,729321680.154324,870248267.550163,1109054005.43971,1098424685.66169,1211161879.6748,1317974491.05691,1380188800,1856695551.21951,1589515447.15447,2065001626.01626,..,..,..,..,..,..,..,..
GDP (current US$),NY.GDP.MKTP.CD,Estonia,EST,5686579747.53524,6254649538.98487,7367975887.72723,9874013098.46432,12145911801.2422,14106790200.2239,17022870405.2189,22449129482.617,24341678628.9732,19633031397.6104,19523477325.6235,23213994093.4631,23019150071.1867,25115753366.1114,26634083965.0987,22890762090.1508,24072829276.7744,26924385103.0659,30624720196.229,31290453293.545
GDP (current US$),NY.GDP.MKTP.CD,Eswatini,SWZ,1738093840.36607,1542477308.89408,1432221739.12342,2197598466.25447,2770082791.50412,3178112498.67911,3291330019.17287,3469381231.49049,3294084314.15058,3580428052.81393,4438765085.93784,4820478680.18375,4886551483.93374,4597552981.56738,4422986271.74767,4063245671.29285,3816019193.16561,4402969225.92165,4666598024.18411,4495267265.76464
GDP (current US$),NY.GDP.MKTP.CD,Ethiopia,ETH,8242349617.8638,8231326016.47494,7850809498.16803,8623691300.04079,10131187261.4421,12401139453.9738,15280861834.6024,19707616772.7996,27066912635.2228,32437389116.038,29933790334.3418,31952763089.33,43310721414.0829,47648276605.0123,55612228233.5179,64589328550.5953,74296745207.8721,81770886825.6048,84269196625.8784,95912607722.3032
GDP (current US$),NY.GDP.MKTP.CD,Faroe Islands,FRO,1067109530.64798,1160268212.07291,1275093689.27107,1501941580.88903,1724770770.83393,1759739599.22694,2017680834.89917,2339015313.29513,2489873249.62815,2296065170.05552,2331796784.36009,2505740669.27039,2427200388.91831,2690110520.92548,2914012679.27277,2573905971.05459,2813278868.78208,2980057377.87967,3188600927.46688,3266432734.22819
GDP (current US$),NY.GDP.MKTP.CD,Fiji,FJI,1678219507.89829,1652462023.46215,1833279985.36741,2300492465.32276,2708078476.63012,2980403844.72096,3076305452.86506,3378314599.76402,3523185919.55826,2870624635.68032,3140166712.79624,3779411899.37483,3972028104.47328,4189967998.51424,4857104768.86844,4682479893.97558,4930213644.36653,5353469174.47838,5581425327.44397,5444407198.13478
GDP (current US$),NY.GDP.MKTP.CD,Finland,FIN,126019543413.334,129533107311.811,140404460203.138,171652458349.411,197479443979.151,204885494686.381,217089269791.764,256378067752.158,285716311136.719,253497520828.515,249424310816.667,275604356167.316,258290060227.734,271362405890.589,274862826772.156,234534382384.766,240771351298.833,255647979916.471,275708001767.843,268514916972.549
GDP (current US$),NY.GDP.MKTP.CD,France,FRA,1365639660792.16,1377657339291.34,1501409382971.38,1844544792036.86,2119633181634.37,2196945232435.8,2320536221304.7,2660591246211.77,2930303780828.12,2700887366932.03,2645187882116.67,2865157541994.17,2683671716967.19,2811876903329.03,2855964488590.19,2439188643162.5,2472964344587.17,2595151045197.65,2790956878746.66,2728870246705.88
GDP (current US$),NY.GDP.MKTP.CD,French Polynesia,PYF,3599845480.34359,3573808556.31268,3965405552.5203,4927780606.7707,5564109981.9138,5705052134.54253,5877997979.62266,6631156405.59637,7136741421.95908,6584557973.9375,6086644798.55982,6203940036.91982,5692858099.00217,6031827122.60663,6151996560.84289,5325846361.81186,5497036476.8031,5833352692.7995,6135116253.33452,6022276196.13871
GDP (current US$),NY.GDP.MKTP.CD,Gabon,GAB,5080483628.53013,5023265413.2623,5335451099.88223,6511903365.47554,7770219008.21293,9582783990.85345,10327598306.4575,12455409587.3371,15571348344.3379,12113699068.2517,14372593020.2885,18210307743.5816,17170464016.0593,17595744798.3398,18203966895.8433,14383107762.6952,14023890265.3665,14929487485.1623,16867326389.8704,16874405460.1955
GDP (current US$),NY.GDP.MKTP.CD,"Gambia, The",GMB,782913871.80966,687410645.063943,578235309.327198,487038685.045496,961900651.423441,1027701067.55688,1054112487.74083,1279703047.0221,1561766955.73024,1450142508.57808,1543294926.87301,1409693596.93594,1415004738.26621,1375609453.43746,1229461721.40861,1378176608.93204,1484578885.97132,1504909462.69521,1670671327.81651,1813609692.49994
GDP (current US$),NY.GDP.MKTP.CD,Georgia,GEO,3057475335.18846,3219462262.0075,3395766677.67315,3991377904.13162,5125365191.98664,6410912049.87105,7745250733.95067,10172931088.5655,12795145130.9103,10766920065.8251,12426907967.1578,15475290469.2869,16894392033.2256,17517660143.6859,17966015109.3043,15223796148.8396,15444548901.9637,16473125375.0684,17902544880.6471,17638337116.9126
GDP (current US$),NY.GDP.MKTP.CD,Germany,DEU,1947981991011.77,1945790973803.15,2078484517474.51,2501640388482.35,2814353869359.08,2846864211175.1,2994703642023.53,3425578382921.58,3745264093617.19,3411261212652.34,3399667820000.01,3749314991050.59,3527143188785.16,3733804649549.03,3889093051023.52,3357585719351.56,3469853463945.53,3690849152517.65,3974443355019.6,3889177589254.9
GDP (current US$),NY.GDP.MKTP.CD,Ghana,GHA,4982850662.20851,5314872854.4405,6166197847.85031,7632723555.66221,8881417906.71432,10744568381.4456,20885037596.6963,24827339138.4906,28679383241.0729,26048720005.5233,32197655566.5347,39336668080.559,41271701060.954,62824629066.0408,54783319817.3705,49406010054.2663,56164929304.8754,60405924078.7278,67298914624.3723,68337969247.7067
GDP (current US$),NY.GDP.MKTP.CD,Gibraltar,GIB,..,..,..,..,..,..,..,..,..,..,..,..,..,..,..,..,..,..,..,..
GDP (current US$),NY.GDP.MKTP.CD,Greece,GRC,130457756628.436,136309295225.34,154564203586.954,202370140236.265,240963562236.127,247875422204.414,273546728473.073,318902829550.733,355908689477.445,331308500253.274,297124961971.501,282995942006.557,242029307133.408,238907690051.13,235458133124.608,195683527003.375,193148146586.933,199844406013.531,212049447242.111,205252760889.364
GDP (current US$),NY.GDP.MKTP.CD,Greenland,GRL,1068025016.00862,1086170703.9816,1169136716.03557,1558759823.08169,1822499769.23938,1849802648.36391,2013106929.50031,2249811295.6608,2499092314.41875,2529963903.22685,2503167187.49305,2684461375.46585,2609678486.36749,2684946990.12448,2842065708.35962,2499113022.81675,2707139544.46695,2851613679.03433,3055782146.15957,2997309971.87623
GDP (current US$),NY.GDP.MKTP.CD,Grenada,GRD,520044370.37037,520444185.185185,540336925.925926,591018407.407407,599118592.592593,695555555.555555,698700666.666667,758683592.592593,825976037.037037,771275555.555555,771014814.814815,778655555.555555,799881481.481481,842618518.518518,911496296.296296,997007407.407407,1061640740.74074,1125685185.18519,1166514814.81481,1213485185.18519
GDP (current US$),NY.GDP.MKTP.CD,Guam,GUM,..,..,3394000000,3569000000,3869000000,4213000000,4238000000,4397000000,4658000000,4828000000,4949000000,4984000000,5265000000,5399000000,5610000000,5799000000,5901000000,6013000000,6051000000,6355000000
GDP (current US$),NY.GDP.MKTP.CD,Guatemala,GTM,19288929030.0508,18405220247.4412,20444205991.025,21576351798.9145,23577298094.6571,26783389293.922,29744246827.1839,33567850824.1039,38503720224.3166,37126148264.6383,40676578423.4871,46876006272.2387,49593929487.1263,52996446269.442,57852153058.502,62186064718.7424,66053403469.0024,71653754066.2763,73328365862.4329,77172317258.6478
GDP (current US$),NY.GDP.MKTP.CD,Guinea,GIN,4367458866.71537,4125527603.22908,4301608752.51396,5025167975.26363,5300767960.51572,4282468636.90501,4220019242.72882,6281917649.94033,6964179187.85579,6716904516.97953,6853467832.49407,6785137215.55736,7638045226.04416,8376613880.84932,8778473643.31852,8794202394.29076,8595955600.36601,10324668271.1032,11857030367.2441,13442861496.4128
GDP (current US$),NY.GDP.MKTP.CD,Guinea-Bissau,GNB,391345597.467891,412610871.491565,466773711.234075,553614800.137137,582169841.275298,639776040.624112,634781901.283407,753162998.060137,952667543.964674,890167833.365875,940112538.964179,1157074319.11175,1049412177.07573,1109682824.13676,1135250721.02484,1152384166.79638,1245074264.10396,1469978606.12143,1554133593.91699,1486476582.06759
GDP (current US$),NY.GDP.MKTP.CD,Guyana,GUY,712667896.727512,712167450.162898,726131434.715338,743063950.317749,787814379.183843,824880550.343965,2379817990.6918,2730971595.39574,3025187433.33637,3165663152.73351,3432912516.92427,3691384317.52178,4063088535.76331,4167800928.83553,4127660151.8087,4279840193.7046,4482697336.56174,4748174334.14044,4787636997.85343,5173760191.84652
GDP (current US$),NY.GDP.MKTP.CD,Haiti,HTI,6813566098.8675,6331970324.31022,6205847213.6351,5071947798.27263,6087360684.2969,7030149730.33692,7638739122.67242,9228637767.69009,10432962634.8748,11597002834.7786,11859312725.1448,13008746038.8867,13708925477.1304,14902488604.2421,15146883497.6331,14849629308.6025,14069277526.2278,15093357161.1498,16403864617.8458,15016090929.5125
GDP (current US$),NY.GDP.MKTP.CD,Honduras,HND,7186638029.05875,7651162302.3456,7858255412.86038,8230391346.67228,8869299234.3377,9757012696.56212,10917477066.1429,12361257680.5627,13881731875.7466,14587496229.1811,15839344591.9842,17710275685.4074,18528554397.5695,18499729214.904,19756533971.8698,20979791685.416,21717604952.1835,23136247990.5977,24067750760.499,24882225741.8119
GDP (current US$),NY.GDP.MKTP.CD,"Hong Kong SAR, China",HKG,171668891194.349,169404327616.605,166348866131.028,161385558801.811,169099768875.193,181569311742.213,193535442896.365,211596944503.8,219278749139.734,214047795659.045,228638668727.291,248513617677.287,262628865879.697,275696879834.966,291459995978.893,309385622601.348,320860317562.562,341273289534.466,361731070995.726,363074545072.389
GDP (current US$),NY.GDP.MKTP.CD,Hungary,HUN,47218405892.4258,53749989092.0197,67608919144.3684,85285062818.0077,104120820258.669,113211158292.936,115715618613.052,140186716681.425,158325614580.628,131069255620.567,132175349953.713,141942264554.475,128814279315.132,135684315697.713,141033843265.669,125174166987.372,128609822750.039,143112196040.326,160565642983.587,164020460331.659
GDP (current US$),NY.GDP.MKTP.CD,Iceland,ISL,9025660361.75842,8234846804.60582,9318395054.85934,11429333037.8443,13825302535.7699,16852963067.0496,17465318552.2941,21652505596.7528,18074622987.0185,13154414219.207,13751161917.7398,15221622925.9319,14751508133.5443,16125060515.3117,17867662177.8911,17517210519.0912,20793168030.9524,24728285177.4603,26260850582.0687,24681343649.2952
GDP (current US$),NY.GDP.MKTP.CD,India,IND,468395521654.458,485440139204.171,514939140318.756,607700687237.318,709152728830.775,820383763511.445,940259888787.721,1216736438834.96,1198895139005.92,1341888016994.9,1675615519484.96,1823051829895.13,1827637590410.95,1856721507621.46,2039126479155.27,2103588360044.39,2294796885663.67,2651474262755.59,2702929641648.14,2835606256558.84
GDP (current US$),NY.GDP.MKTP.CD,Indonesia,IDN,165021012077.81,160446947784.909,195660611165.183,234772463823.808,256836875295.452,285868619196.085,364570515618.357,432216737774.861,510228634990.598,539580085616.492,755094157621.936,892969104563.171,917869913332.649,912524136718.018,890814755533.537,860854232686.214,931877364037.698,1015618744159.73,1042271532988.63,1119099871350.2
GDP (current US$),NY.GDP.MKTP.CD,"Iran, Islamic Rep.",IRN,109591707801.431,126878750295.583,128626917504.398,153544751396.211,190043433963.866,226452138295.726,266298911663.707,349881601462.439,412336172443.795,416397025729.898,486807616876.696,626133112195.926,644035512181.483,492775566425.881,460382791480.428,408212917874.964,457954614593.746,486630147094.486,329691934142.938,283649531542.741
GDP (current US$),NY.GDP.MKTP.CD,Iraq,IRQ,48364250943.9051,36176430128.8057,32928454672.4246,21921569478.8163,36633669269.3981,50065104667.8159,65147051918.0219,88837057319.5179,131614434153.505,111657580326.315,138516722649.573,185749664444.444,218002476129.472,234637675128.645,228415656174.957,166774104959.102,166743557747.671,187217660050.676,227367469034.031,233636097800.338
GDP (current US$),NY.GDP.MKTP.CD,Ireland,IRL,100207610429.909,109346669229.695,128596035288.401,164670771259.602,194372115041.065,211876989655.907,232180617162.279,270079279419.5,275447471451.063,236443115853.695,221913560882.367,239170638711.314,225118718207.156,238112475390.796,259681883575.706,292364226871.756,298559265006.398,337241811320.896,386693357874.056,398933010007.356
GDP (current US$),NY.GDP.MKTP.CD,Isle of Man,IMN,1563667799.61578,1659131243.73837,1947332921.74718,2328658227.8481,2822358473.16983,3032411026.94919,3422733202.4501,4466350655.89909,5928791505.35144,5486921247.07323,5920369789.50182,6565667052.79737,6690228371.66909,7001175622.71266,7708454412.32126,7084800892.22284,6846377563.00683,6979788333.50279,7491649455.92717,7314967866.28289
GDP (current US$),NY.GDP.MKTP.CD,Israel,ISR,136035771711.672,134635822098.58,125060622862.932,131299915899.958,139973148371.263,147083996033.603,158670456932.537,184052121662.082,220531065217.391,211970040942.96,238364092298.023,266791854430.897,262282344091.849,297732778479.129,314330061977.263,303414276832.04,322102790386.835,358245427458.541,376691526553.276,402470513619.148
GDP (current US$),NY.GDP.MKTP.CD,Italy,ITA,1146676894209.73,1168023426056.38,1276769338449.3,1577621707050.51,1806542968545.56,1858217147203.73,1949551719389.64,2213102482751.46,2408655348718.59,2199928804118.63,2136099955236.67,2294994296589.5,2086957656821.6,2141924094298.56,2162009615996.54,1836637711060.55,1877071687633.78,1961796197354.36,2091932426266.98,2011302198827.45
GDP (current US$),NY.GDP.MKTP.CD,Jamaica,JAM,9005064474.93003,9194727831.07318,9719009494.84779,9430234810.78586,10174664853.9476,11243865777.7131,11930179089.8855,12799600047.1845,13709401520.0326,12120458114.8318,13220549908.2494,14444661522.1463,14807086555.5283,14264205152.6126,13899217679.9219,14188936918.0036,14077096676.6213,14808985132.7722,15730792876.2656,15830766531.1474
GDP (current US$),NY.GDP.MKTP.CD,Japan,JPN,4968359075956.59,4374711694090.87,4182846045873.61,4519561645253.53,4893116005656.56,4831467035389.8,4601663122649.92,4579750920354.81,5106679115127.3,5289493117993.89,5759071769013.11,6233147172341.35,6272362996105.03,5212328181166.18,4896994405353.29,4444930651964.18,5003677627544.24,4930837369151.42,5040880939324.86,5117993853016.51
GDP (current US$),NY.GDP.MKTP.CD,Jordan,JOR,8460789844.8519,8975814652.8196,9582510578.27927,10195627644.5698,11411706629.055,12588998589.5628,15056981664.3159,17110437235.543,22658715989.3302,24537876056.338,27133804225.3521,29524149154.9296,31634561690.1408,34454440140.8451,36847643521.1268,38587017887.3239,39892551126.7606,41608435915.493,43370860704.2254,44502816901.4085
GDP (current US$),NY.GDP.MKTP.CD,Kazakhstan,KAZ,18291990662.0356,22152689179.8815,24636598527.4437,30833692900.1091,43151647002.6096,57123671733.8952,81003864630.018,104849915058.376,133441648851.982,115308686941.38,148047348240.643,192626464617.071,207998568865.789,236634603409.089,221415613595.469,184388404706.042,137278320084.171,166805788827.233,179339977690.485,181667184854.501
GDP (current US$),NY.GDP.MKTP.CD,Kenya,KEN,12705350097.8044,12986007425.8781,13147736898.5176,14904517649.8476,16095337093.8366,18737895512.7378,25825512284.2891,31958195182.2406,35895153327.8497,42347217912.9176,45405615063.7551,46869473150.61,56396704671.5777,61671440407.8387,68285796514.2896,70120446896.8359,74815144163.8931,82036510877.2599,92202979985.2863,100378436207.371
GDP (current US$),NY.GDP.MKTP.CD,Kiribati,KIR,74790109.3848832,65168750.8598655,74977058.6499892,95984600.9569924,104430807.970865,113786233.087662,112201076.377306,138066995.126653,146790160.52972,140384919.85191,165113529.310862,195984787.454498,207081997.22303,201768028.55259,200114840.67884,191572320.429122,206658568.822507,223029864.54193,233859230.192198,216891541.021351
GDP (current US$),NY.GDP.MKTP.CD,"Korea, Dem. People's Rep.",PRK,..,..,..,..,..,..,..,..,..,..,..,..,..,..,..,..,..,..,..,..
GDP (current US$),NY.GDP.MKTP.CD,"Korea, Rep.",KOR,576179387819.613,547656279894.587,627246933729.618,702714855193.904,793175561887.027,934901071332.984,1053216909887.56,1172614086539.86,1047339010225.25,943941876218.743,1143672241149.72,1253289537500.81,1278046536287.01,1370632955321.2,1484488526271.8,1466038936206.43,1499679823909.61,1623074183501.9,1725373496825.43,1651422932447.77
GDP (current US$),NY.GDP.MKTP.CD,Kosovo,XKX,..,..,..,..,..,..,..,..,5181776768.71247,5015894692.97027,5343950556.07185,6341613609.97976,6163484244.63408,6735328609.6594,7074394734.88431,6295848422.71573,6682677289.98994,7180764703.35718,7878759714.82322,7899737577.47286
GDP (current US$),NY.GDP.MKTP.CD,Kuwait,KWT,37718743480.0751,34889559869.8326,38135788413.8276,47874582231.588,59439090600.6108,80798630136.9863,101557330723.423,114634043361.692,147379737229.753,105968691905.415,115416245238.478,154039231299.128,174047695598.686,174168116687.215,162650450784.686,114585555830.916,109406674087.947,120687539675.517,138202535962.401,138696321087.864
GDP (current US$),NY.GDP.MKTP.CD,Kyrgyz Republic,KGZ,1369688498.06778,1525116370.27939,1605643104.73021,1919008090.49641,2211534585.0034,2460246766.41401,2834168889.42019,3802570552.56105,5139958909.17936,4690061380.60253,4794361863.01353,6197765984.28468,6605142884.36215,7335033800.59056,7468102412.68237,6678177511.66313,6813095379.1187,7702938379.42036,8271106235.41552,9371275264.36735
GDP (current US$),NY.GDP.MKTP.CD,Lao PDR,LAO,1731198022.46763,1768619058.34647,1758176653.07746,2023324407.28414,2366398119.86321,2735558734.7379,3455030060.9785,4223152739.04052,5446433157.40114,5836137329.63305,7131771014.70456,8750104617.17303,10192846339.4029,11983252626.5452,13279245886.3854,14426380125.6488,15912501722.6143,17071155481.4994,18141641089.7963,18740561512.5555
GDP (current US$),NY.GDP.MKTP.CD,Latvia,LVA,7958852838.93395,8362398701.58943,9557031605.27512,11771975156.8073,14435700533.368,17003459863.0989,21570076498.6205,31054350977.9784,35854274228.9139,26410909090.9091,23956163076.5575,27474380566.265,28169902669.3784,30204783461.8488,31386896487.0407,27263090547.0617,28083597512.4841,30483806017.8318,34429023435.0211,34225547537.0745
GDP (current US$),NY.GDP.MKTP.CD,Lebanon,LBN,17260364842.4544,17649751243.7811,19152238805.9701,20082918739.6352,21159827992.0398,21497336498.8391,22022709851.4096,24827355014.9254,29118916105.4726,35399582928.6899,38443907042.1227,39927125961.5257,44016799515.7546,46880103080.597,48095213746.6003,49929337836.8159,51147308774.1294,53027680685.9038,54901519155.5556,51605959131.2741
GDP (current US$),NY.GDP.MKTP.CD,Lesotho,LSO,887291687.920796,825706961.238689,775777238.55814,1157825434.78971,1511236655.52047,1682343527.49221,1800092563.75462,1682131784.51365,1766902709.19935,1740894964.80511,2234754241.91918,2579409619.96722,2477702216.26888,2367112931.642,2441063054.05792,2359686724.53829,2114426453.70697,2306741674.055,2556247291.99785,2390702295.82777
GDP (current US$),NY.GDP.MKTP.CD,Liberia,LBR,874000000,906000000,927000000,748000000,897000000,949000000,1119000000,1373000000,1726000000,1768000000,1998000000,2398000000,2791614000,3177198100,3225652000,3227075700,3398419600,3390703400,3422754800,3319596500
GDP (current US$),NY.GDP.MKTP.CD,Libya,LBY,38270954138.1128,34112093927.254,20481889763.7795,26265625000,33122307692.3077,47334691241.4924,60094231606.642,68032978390.6007,86710767415.1371,60808562033.4191,75380825062.4216,48169263294.1007,92540938129.1315,75351107029.0605,57372355592.022,48717501321.3052,49912073701.298,67157452181.7738,76686029772.1483,72081962263.1794
GDP (current US$),NY.GDP.MKTP.CD,Liechtenstein,LIE,2483889858.32312,2491800558.77674,2688618747.38148,3070803051.42164,3454373797.74442,3659319116.88057,4000102086.14635,4601429897.21468,5081479840.08716,4504375348.07038,5082337238.44718,5739706004.89616,5456102482.28614,6391708310.67727,6657526979.72277,6268515276.17441,6237302033.50132,6474308717.85289,6692620691.84146,6436467007.11932
GDP (current US$),NY.GDP.MKTP.CD,Lithuania,LTU,11524776866.6379,12237388001.7264,14259781159.0119,18781721376.1985,22627507451.5648,26097677571.8373,30183575103.5262,39697891351.9431,47797551587.8823,37388122046.1496,37128694028.243,43535051482.3869,42927454291.478,46523420074.4372,48533659592.1728,41435533340.3883,43047309305.7363,47758736931.7801,53751411409.4447,54808531641.4117
GDP (current US$),NY.GDP.MKTP.CD,Luxembourg,LUX,21230182989.3036,21387533703.2327,23649833332.1655,29667268248.1305,35064843792.8993,37672280120.4794,42910146296.0646,51587401415.7872,58844277701.5258,54467289897.5582,56213985987.4168,61696281326.2453,59776383527.3602,65203276466.9763,68804811897.6445,60071584216.1375,62216885435.9488,65712180342.9836,71000359760.4611,69890505323.5842
GDP (current US$),NY.GDP.MKTP.CD,"Macao SAR, China",MAC,6774193548.3871,6860272608.45211,7371692774.43404,8246479565.94248,10643253553.184,12160056122.3757,14874098691.9082,18439981612.4086,21027018332.6663,21587786905.8499,28241798491.593,36845888757.1886,43189721376.9846,51536595089.2793,54902831793.5018,45048190598.3249,45070808688.9611,50383871120.8733,55190661339.7796,55082293844.1008
GDP (current US$),NY.GDP.MKTP.CD,Madagascar,MDG,4629247203.84524,5438332601.90798,5351701663.40807,6372498889.66585,5064732626.29389,5859269752.61332,6395712490.94304,8524620889.57747,10725137723.6549,9616879409.43789,9982711338.07029,11551819617.874,11578975061.9479,12423555455.3853,12522957399.2281,11323020701.3017,11848613858.442,13176313593.5509,13760033282.2925,14104664678.5063
GDP (current US$),NY.GDP.MKTP.CD,Malawi,MWI,2537307580.32808,2498008664.6691,5087328437.8737,4669789300.35662,5058726350.48896,5320409651.47544,5818279739.14354,6451210219.11683,7743617352.21427,9009887946.82039,10128323010.6049,11648142958.3651,8773203178.16512,8031571927.62055,8801326169.14547,9219474379.31534,7909868618.46366,8943543677.18899,9880675785.93057,11077305329.6417
GDP (current US$),NY.GDP.MKTP.CD,Malaysia,MYS,93789736842.1053,92783947368.4211,100845526315.789,110202368421.053,124749473684.211,143534405818.501,162692258307.056,193549569477.733,230811614370.384,202257453036.641,255017638455.59,297951668674.835,314443047642.111,323276235524.415,338066095097.254,301355266964.947,301256033870.334,319109094160.343,358788845712.53,365177721021.516
GDP (current US$),NY.GDP.MKTP.CD,Maldives,MDV,624337145.284622,870031676.798793,897031250,1052121054.6875,1226829562.5,1163362437.5,1575200390.625,1868383460.9375,2271646187.5,2345294875,2588176054.6875,2774350240.04918,2886163997.20531,3295009237.50107,3697353039.20043,4129505319.12921,4409942623.85538,4816426256.52914,5404344162.69888,5726094799.37709
GDP (current US$),NY.GDP.MKTP.CD,Mali,MLI,2961484953.86444,3468337942.32063,3908121307.01957,4714071979.68835,5454249125.72966,6247515888.14533,6905934217.90901,8156468826.12645,9838403100.50554,10231962390.2119,10689168016.2613,12995112690.2596,12442035339.1049,13242690786.0938,14364937124.0727,13104764378.326,14026048335.7047,15365713048.1993,17070867589.9055,17280250810.0321
GDP (current US$),NY.GDP.MKTP.CD,Malta,MLT,4069515556.78692,4088368961.75836,4470446352.32569,5448415539.81248,6098092511.83004,6416184235.8384,6778324087.13818,7925371458.80527,9090406749.5267,8696366868.92276,9035824366.00804,9638728635.0143,9461776291.79913,10551030596.7558,11625848974.8051,11091483659.6156,11668015565.8082,13484541925.7714,15404393365.2073,16004563885.7539
GDP (current US$),NY.GDP.MKTP.CD,Marshall Islands,MHL,114838470.458984,122406127.929688,131959976.196289,131128479.003906,132791854.858398,137815414.428711,142922515.869141,150104705.810547,146208160.400391,150886459.350586,160629516.601563,172044509.887695,180302078.24707,185817016.601563,185446395.874023,183222930.908203,200900711.05957,212935714.72168,219430038.452148,231996704.101563
GDP (current US$),NY.GDP.MKTP.CD,Mauritania,MRT,1779520886.47015,1746063557.61355,1777057481.26043,2051147606.73687,2362501023.24249,2936019525.60241,3919577285.92703,4346212355.02975,5206437193.80413,4714595547.75102,5628878797.98257,6764627745.9033,6728208836.22143,7223071096.85652,6592537781.81518,6166863896.68677,6398747592.13185,6800135898.28827,7473550557.07378,7894764885.82312
GDP (current US$),NY.GDP.MKTP.CD,Mauritius,MUS,4726108622.47661,4675755867.17657,4906494249.38255,5894873919.74797,6667418752.07307,6576108447.47531,7028810680.89077,8150150209.22501,9990356673.73497,9128843109.15588,10003670690.3497,11518413429.9684,11668696396.7887,12292974141.4044,13074129952.0532,12007291045.6489,12594155464.4136,13713506130.6081,14735695930.9727,14436346979.6355
GDP (current US$),NY.GDP.MKTP.CD,Mexico,MEX,742061329643.37,796064590656.176,810666116505.478,765549967703.273,819459227375.022,917571853529.104,1020265057882.01,1102355554971.95,1161553459715.1,943437415024.633,1105424238731.09,1229013703416.76,1255110424817.79,1327436290282.67,1364507717614.13,1213294467716.88,1112233497452.7,1190721475906,1256300182879.73,1305211135822.61
GDP (current US$),NY.GDP.MKTP.CD,"Micronesia, Fed. Sts.",FSM,233271800,240970900,242517200,245432900,240236000,250281900,253541900,256787200,263145100,280284600,296944100,311301600,327248700,317214400,319271200,316489900,325000000,359000000,392000000,394000000
GDP (current US$),NY.GDP.MKTP.CD,Moldova,MDA,1288429391.79951,1480673594.05602,1661818168.4226,1980907434.76826,2598249555.89984,2988342907.03096,3408255450.5509,4401173151.93767,6054824248.24221,5439434271.78807,6974982369.60155,8414352020.49442,8709138634.82921,9496717875.51932,9402090137.7423,7797667196.73087,7980917075.7748,9514404016.20949,11252353420.8798,11736797054.6965
GDP (current US$),NY.GDP.MKTP.CD,Monaco,MCO,2654462665.26893,2673723033.71239,2919647981.81473,3597089750.78276,4043551488.82603,4204652898.73103,4586826512.71356,5875790766.2621,6502942244.93068,5474379252.34114,5367561569.59548,6088689808.38347,5742749294.00852,6555591709.88585,7069353073.08882,6261649890.82388,6465645584.94877,6431271365.08338,7182444409.54069,7383944044.17
GDP (current US$),NY.GDP.MKTP.CD,Mongolia,MNG,1136896123.61298,1267997934.3125,1396555719.97409,1595297355.78349,1992066808.09598,2523471601.10421,3414055661.61598,4234999703.90059,5623216608.04288,4583850367.88972,7189481998.90094,10409797377.8571,12292770631.565,12582122604.2577,12226514668.0622,11619892590.6941,11181350649.3573,11480847740.736,13178094720.4986,14206359017.5143
GDP (current US$),NY.GDP.MKTP.CD,Montenegro,MNE,984293043.811565,1159869245.92513,1284685050.52413,1707710053.14938,2073234417.68066,2257174480.78597,2721903148.91482,3680711743.77224,4545674527.61096,4159330369.5471,4142983843.4912,4544428421.49513,4087526241.81268,4465772400.37453,4593853290.963,4054730077.57718,4376930578.32395,4856599480.79882,5506942238.35668,5542054181.12616
GDP (current US$),NY.GDP.MKTP.CD,Morocco,MAR,43017455401.8445,43831480207.6444,47077192187.6418,58029363354.2757,66114145451.0067,68852658068.6673,75883823300.8545,86947913286.728,101822906949.063,101154952240.881,100865329473.44,110080631332.375,106937392311.129,115739287305.08,119130841411.664,110413823841.592,111572947004.917,118540573367.844,127341147581.818,128920266409.458
GDP (current US$),NY.GDP.MKTP.CD,Mozambique,MOZ,5930685214.61595,5650154067.10346,5950769426.60213,6583526860.58062,7937255565.35765,8868504899.94673,9509835536.93373,10811456005.9405,12920340964.6544,12263894790.0125,11411894723.864,14619279988.716,16688114144.0745,17198073057.1981,17978246586.0662,16208985769.615,12069051237.1711,13264640645.7768,15017359042.4464,15512758964.5779
GDP (current US$),NY.GDP.MKTP.CD,Myanmar,MMR,8905066163.58643,6477790688.22844,6777632512.0781,10467109977.6717,10567354056.4049,11986972418.5103,14502553709.8303,20182477480.5512,31862554101.9378,36906181380.8127,49540813342.4834,59977326085.9908,59937796648.2158,60269732854.827,65531374199.6663,59607290407.6191,63298361996.2153,66053040483.0016,67860515989.517,75065106227.6892
GDP (current US$),NY.GDP.MKTP.CD,Namibia,NAM,3922232164.83175,3557341215.15159,3349169826.38896,4926439383.51425,6609205994.77406,7248374837.72056,8001779551.06323,8839536475.99963,8607431497.49471,8938847189.07592,11431412421.1316,12523359440.5499,13042053591.6857,12043307277.1235,12435430969.6301,11335161083.5061,10722018732.0936,12895153160.466,13682018827.0434,12541928102.7657
GDP (current US$),NY.GDP.MKTP.CD,Nauru,NRU,26930980.3429002,22613287.5389074,21017423.6082043,24778159.5806639,30587565.7988334,30070666.0652533,29200359.3890386,22766972.1889659,37602264.7306872,44176245.5492433,47562844.6104251,65071879.7787162,101055722.95058,94385014.9425842,99149244.4001333,84863440.5801997,97541943.0355053,109355638.866955,130995566.30391,125160115.547819
GDP (current US$),NY.GDP.MKTP.CD,Nepal,NPL,5494252207.90502,6007055042.17687,6050875806.66403,6330473096.54071,7273938314.71988,8130258377.90964,9043715355.8881,10325618017.379,12545438605.3959,12854985464.0764,16002656434.4746,21573872420.7008,21703100877.1309,22162204924.5726,22731612922.1906,24360801286.7638,24524109483.5293,28971588940.364,33111525237.149,34186180699.0255
GDP (current US$),NY.GDP.MKTP.CD,Netherlands,NLD,417479337444.707,431586852369.686,473861980070.981,580070360701.96,658380081545.175,685348181515.953,733955269898.823,848558887541.179,951869997864.062,871518638049.218,847380859016.668,905270626332.687,838923319919.531,877172824534.512,892167986713.722,765572770634.375,784060430240.08,833869641687.06,914043438179.607,910194347568.626
GDP (current US$),NY.GDP.MKTP.CD,New Caledonia,NCL,3420032041.07385,3297734891.14661,3740056747.71979,4915353827.10576,5895008977.9531,6238629487.01331,6979155387.86792,8819917180.34265,9067619760.07073,8704438102.20142,9364350076.91225,10351448004.7674,9659151917.40484,10151382933.1594,10635035594.7528,8738203074.3957,8724568954.89799,9174048681.98577,9896402283.68587,9475655324.59495
GDP (current US$),NY.GDP.MKTP.CD,New Zealand,NZL,52623281956.7031,53872425916.6248,66627729311.4495,88250885550.2626,103905210084.034,114720129550.095,111538810712.665,137188946865.584,133131369930.414,121373602348.679,146517541181.254,168295307149.46,176210710655.208,190909855416.34,201337554959.49,178104220784.881,188898209220.167,206566916732.292,211846555690.736,212846907683.439
GDP (current US$),NY.GDP.MKTP.CD,Nicaragua,NIC,5109583827.37851,5351768843.61983,5223736466.14695,5322243501.97953,5792949922.19461,6321335612.22233,6763688104.72396,7423421958.4248,8496946608.23151,8298679908.55232,8758592272.10579,9774307336.23792,10531964139.3486,10982938825.6994,11880434070.7811,12756706583.3113,13286118584.2563,13785943183.0661,13025239912.2751,12699046244.607
GDP (current US$),NY.GDP.MKTP.CD,Niger,NER,2241753192.81158,2448714703.96617,2782192878.67204,3394084732.49543,3760443737.53797,4383315964.58718,4756361252.37923,5731485051.79069,7297600226.00536,7352131309.73341,7851192502.30917,8772950777.79176,9426912647.59111,10224897437.8648,10862943543.5419,9683867926.44282,10398861981.7583,11185104251.6943,12837307496.8821,12889555561.2299
GDP (current US$),NY.GDP.MKTP.CD,Nigeria,NGA,69171451627.2465,73557840064.489,95054059302.6995,104738954264.226,135764731645.611,175670569969.346,238454997161.48,278260846800.103,339476276257.793,295008835380.997,366990417129.04,414466676831.16,463971018239.281,520117180313.906,574183763411.508,493026682800.63,404649125252.16,375745731053.427,421739251509.08,474517490844.461
GDP (current US$),NY.GDP.MKTP.CD,North Macedonia,MKD,3772859034.20508,3709636030.66578,4018365747.00972,4946296599.08467,5682784471.69722,6258602872.67898,6861226971.55617,8336474973.72949,9909552434.51136,9401736825.42688,9407170321.37752,10494626767.6445,9745261300.57788,10817702346.0674,11362265252.778,10064519962.5655,10672467073.2873,11307067069.6658,12683068114.2388,12606338448.547
GDP (current US$),NY.GDP.MKTP.CD,Northern Mariana Islands,MNP,..,..,1284000000,1239000000,1210000000,1061000000,990000000,938000000,939000000,795000000,799000000,729000000,746000000,772000000,832000000,910000000,1230000000,1560000000,1301000000,1181000000
GDP (current US$),NY.GDP.MKTP.CD,Norway,NOR,171457201935.968,174239354070.977,195914852576.467,229385469337.024,265268662473.297,309978579743.888,346915160681.708,402643260487.572,464917553191.489,387976400617.019,431052143940.438,501360549669.404,512777309840.997,526014468085.106,501736471832.848,388159512245.53,370956547619.048,401745275035.261,439788625883.8,408742840909.091
GDP (current US$),NY.GDP.MKTP.CD,Oman,OMN,19507452535.7607,19452000520.156,20142756046.814,21633708192.4577,24763712873.8622,31081991677.5033,37215779713.9142,42085379453.8362,60905452535.7607,48388363589.0767,64993498049.4148,77497529258.7776,87408842652.7958,89936020806.2419,92699089726.9181,78710793237.9714,75128738621.5865,80856697009.1027,91505851755.5267,88060858257.4772
GDP (current US$),NY.GDP.MKTP.CD,Pakistan,PAK,99484802344.5277,97145618479.9038,97923302809.3537,112371913740.823,132216048339.413,145208562960.767,161871385506.36,184140869997.46,202203748583.854,187337783856.466,196709621849.586,230586581059.665,250106966104.704,258657231672.412,271390474857.632,299963590534.773,313630000130.435,339205534861.1,356128166704.921,320909472770.669
GDP (current US$),NY.GDP.MKTP.CD,Palau,PLW,149535827.636719,159453506.469727,162665542.602539,154559875.488281,166391555.786133,191048400.878906,193679687.5,200903640.74707,201167343.139648,189997985.839844,188174270.629883,198873916.625977,215762390.136719,224265167.236328,245731216.430664,287215972.900391,305404174.804688,292345764.160156,288160980.224609,281828704.833984
GDP (current US$),NY.GDP.MKTP.CD,Panama,PAN,12304115000,12502013400,12994310400,13693981200,15013381700,16374393900,18141666300,21295984200,25155888600,27116635600,29440287600,34686224300,40429700000,45599900000,49921400000,54091800000,57907700000,62202700000,67294169200,69721787500
GDP (current US$),NY.GDP.MKTP.CD,Papua New Guinea,PNG,3521339699.07407,3081024212.42924,2999511040.19764,3536411824.2958,3927157866.96465,4865892972.27595,8354911040.70193,9545028944.34579,11670892800.5309,11619456449.266,14250786674.7766,17985138065.8549,21295168665.7247,21261338064.8783,23210823987.308,21723437010.0982,20758876952.6232,22742699138.356,24109780708.0268,24751066910.5409
GDP (current US$),NY.GDP.MKTP.CD,Paraguay,PRY,8855705139.55857,8495806432.18467,7196260656.84556,7691367471.17992,9624440836.29309,10737500188.1123,13429430050.261,17856393235.4338,24615267663.5456,22355151161.994,27260886405.2263,33756238766.5,33271921136.315,38501122141.4241,40377929295.6419,36211447840.0971,36089700222.9461,38997129473.5558,40225448340.6322,37925338329.1494
GDP (current US$),NY.GDP.MKTP.CD,Peru,PER,51744749133.213,52030158775.4055,54777553515.0809,58731030121.8671,66768703497.5687,76060606060.6061,88643193061.748,102170981144.136,120550599815.441,120822986521.479,147527631520.729,171761737046.585,192650021648.583,201175543571.392,200786250582.943,189802976285.619,191898104390.379,211007984080.911,222597009739.235,228346006003.648
GDP (current US$),NY.GDP.MKTP.CD,Philippines,PHL,83669788254.7279,78921234457.5487,84307345887.543,87039092974.2272,95001999685.3314,107419977318.166,127652926368.069,155980408673.403,181624626327.361,175974755881.372,208368893151.144,234216730295.938,261920540972.102,283902828581.65,297483555344.802,306445871246.718,318627003012.52,328480736798.792,346841896583.515,376823402244.928
GDP (current US$),NY.GDP.MKTP.CD,Poland,POL,172220451786.957,190905493539.168,199070448694.9,217828661056.935,255107252158.631,306145944824.93,344626667414.292,429020755432.721,533599779515.715,439731589139.212,475696613935.595,524374183218.309,495230523665.901,515761954074.157,539080475073.719,477111287969.227,470024599375.619,524641252834.826,588779796423.695,596058473058.766
GDP (current US$),NY.GDP.MKTP.CD,Portugal,PRT,118605192877.388,121604107164.997,134795565549.419,165226175536.793,189382122532.169,197253876704.921,208756449275.848,240496147317.381,263416394624.084,244667762835.543,238113003233.284,245117990242.248,216224240577.957,226433858005.714,229901964221.884,199394066525.44,206426152308.931,221357874718.93,242313116577.967,239986922638.902
GDP (current US$),NY.GDP.MKTP.CD,Puerto Rico,PRI,61701800000,69208400000,71623500000,74827400000,80322313000,83914521300,87276164400,89524131600,93639300000,96385600000,98381300000,100351700000,101564800000,102450000000,102445800000,103375500000,104336700000,103445500000,100958100000,105126400000
GDP (current US$),NY.GDP.MKTP.CD,Qatar,QAT,17759890109.8901,17538461538.4615,19363736263.7363,23533791208.7912,31734065934.0659,44530494505.4945,60882142857.1429,79712087912.0879,115270054945.055,97798351648.3516,125122306346.154,167775268626.374,186833502362.637,198727642967.033,206224598571.429,161739955576.923,151732181868.132,161099122225.275,183334953818.681,176371267692.308
GDP (current US$),NY.GDP.MKTP.CD,Romania,ROU,37253739511.1273,40395116581.4832,46065502702.5817,57806384143.166,74973656851.8076,98454380120.0761,122023735992.706,174588782938.583,214317202478.266,174102268534.84,170029359010.667,192613579705.885,179132893143.417,189789258566.244,199713780259.318,177883883008.747,185287630540.431,210147163769.848,243316029944.056,251017797625.017
GDP (current US$),NY.GDP.MKTP.CD,Russian Federation,RUS,259710142196.943,306602070620.5,345470494417.863,430347420184.885,591016690732.385,764015973481.11,989932071352.543,1299703478481.65,1660848058303.11,1222645900055.7,1524916715223.95,2045922753398.04,2208293553878.42,2292470078346.22,2059241589895.01,1363482182197.71,1276786350881.14,1574199360089,1657328773461.31,1693115002708.32
GDP (current US$),NY.GDP.MKTP.CD,Rwanda,RWA,2068837212.16681,1966600292.24011,1966004242.63282,2138237345.50967,2376495586.62323,2933819820.13637,3319783951.83124,4070508542.75032,5179853220.82689,5674476707.22229,6124756894.20677,6884912956.96448,7654762344.67766,7819963627.14108,8238966247.18033,8543759088.57783,8695272095.38502,9252834120.39358,9637904552.51428,10349299855.8404
GDP (current US$),NY.GDP.MKTP.CD,Samoa,WSM,258856139.798489,266299591.479428,281790134.211972,333426188.41876,407747565.096959,476801793.159429,499923757.780736,573548459.833372,641346191.664776,628006115.424052,680260907.153983,744097050.169115,773141661.165548,797736334.281305,796683519.593842,824150498.653536,843924796.697421,884844384.463214,878448433.404342,912950466.064906
GDP (current US$),NY.GDP.MKTP.CD,San Marino,SMR,1005159388.24397,1077413479.05282,1168269230.76923,1464326160.8154,1723750000,1785847531.40157,1908167105.75837,2185874623.59704,2393437820.41892,2056126701.86163,1881191949.98998,1813717694.56092,1604701051.1653,1678741201.5731,1673910988.24105,1419400403.82788,1468342430.7393,1528621195.4832,1655354303.86998,1616188702.33964
GDP (current US$),NY.GDP.MKTP.CD,Sao Tome and Principe,STP,76198394.8202671,75951133.3777948,85171073.8777498,102085769.123419,114582283.916382,136450662.390592,142775104.081626,149146918.888611,188021165.00338,200668065.03175,190021192.489536,226455001.243083,229371348.202606,267041747.584354,293119143.246825,259999643.047388,292267272.196925,322002845.229335,383717327.830508,412976064.479214
GDP (current US$),NY.GDP.MKTP.CD,Saudi Arabia,SAU,189514933333.333,184137600000,189605866666.667,215807733333.333,258742133333.333,328459608764.111,376900133511.348,415964509673.115,519796800000,429097866666.667,528207200000,676634666666.667,741849866666.667,753864533333.333,766605866666.667,669484266666.667,666000000000,714994666666.667,846583733333.333,838564800000
GDP (current US$),NY.GDP.MKTP.CD,Senegal,SEN,6013185003.97525,6507824829.26254,7006402319.75856,8768721563.18211,10076816666.6196,11009033437.939,11697918243.0035,13994218412.9619,16853989627.548,16145867494.9405,16121315909.0758,17814283639.3119,17660870411.5235,18918667724.8817,19797253440.2679,17774766696.1759,19040312333.1864,20996562943.5979,23116701556.1381,23403995992.1354
GDP (current US$),NY.GDP.MKTP.CD,Serbia,SRB,6875845986.52121,12960546471.3782,17120906918.3503,22482365321.7656,26141968161.0924,27683225959.2468,32482070360.3204,43170990616.4729,52194221468.5007,45162894380.9318,41819468691.8251,49258136128.9672,43309252921.0567,48394239474.6762,47062202418.8864,39655949731.3816,40692661657.284,44179075778.9267,50640662859.4987,51514242938.6734
GDP (current US$),NY.GDP.MKTP.CD,Seychelles,SYC,654212394.27164,662064155.920692,742134837.50919,750847230.099263,893012218.181818,977899381.818182,1081441283.31798,1077308813.82945,979597394.293453,850901620.433301,981616542.328454,1058918707.26124,1089407839.19709,1333160407.38516,1387577870.08161,1432403352.12944,1568513348.14463,1675370641.01416,1784313926.76807,1868690096.73454
GDP (current US$),NY.GDP.MKTP.CD,Sierra Leone,SLE,635874002.198748,1074851475.17873,1236235826.58409,1369685676.56203,1430217080.66487,1627058424.93809,1862116290.541,2126679543.58623,2451896435.20157,2419014960.19967,2578159803.94597,2932274309.3957,3789251613.36066,4920343316.87093,5015180725.3416,4252029353.82191,3862721266.02162,3719443418.26155,4085114387.55605,4076578698.79107
GDP (current US$),NY.GDP.MKTP.CD,Singapore,SGP,96076539925.7409,89793790669.6515,92538372869.6942,97646401095.6369,115033593101.049,127807848728.398,148627286361.351,180941701357.97,193617323539.203,194150283771.566,239807980591.24,279356499090.458,295092888076.589,307576360584.992,314863580758.455,307998545269.398,319053943915.005,343257164581.712,376892697588.005,376901649222.451
GDP (current US$),NY.GDP.MKTP.CD,Sint Maarten (Dutch part),SXM,..,..,..,..,..,..,..,..,..,..,..,936089385.47486,985865921.787709,1022905027.93296,1361811508.37989,1417888715.0838,1427017206.70391,1353212122.90503,1259200446.92737,1407880446.92737
GDP (current US$),NY.GDP.MKTP.CD,Slovak Republic,SVK,29242558796.5507,30778781606.9575,35297794385.6863,46919965224.1497,57437444469.087,62808723476.719,70767338922.4411,86563986799.2505,100879902984.983,89399303222.155,91162836320.3502,99922685424.8835,94623731085.6106,98935222174.8603,101437045019.901,88900883130.8374,89952699524.894,95649966260.9802,106137924015.593,105711680180.565
GDP (current US$),NY.GDP.MKTP.CD,Slovenia,SVN,20289627636.6767,20876309970.385,23489890274.3142,29634713641.0968,34414784504.2352,36206395970.6504,39481045038.2637,48067401207.3978,55779427739.6609,50567734885.9613,48208240226.4501,51583869785.1849,46577793184.0031,48415657264.8758,49997186439.0916,43107506024.3254,44766722790.5826,48589100043.0954,54177882425.8431,54386654313.9685
GDP (current US$),NY.GDP.MKTP.CD,Solomon Islands,SLB,419842674.227652,409508552.979972,346406738.885237,417668983.408349,468005318.551977,552864570.225819,617258154.260133,695295347.621537,776337691.795098,805557562.580059,898133684.898793,1063895360.69907,1185215418.25562,1285911586.132,1335571420.72676,1307909887.55212,1379490304.2254,1469789119.08756,1615478393.28614,1619155017.3924
GDP (current US$),NY.GDP.MKTP.CD,Somalia,SOM,3412797450.20112,2252847464.68608,2192684134.59273,2836724351.5616,3859592813.10255,4683246454.10048,5026743282.04251,5430713728.89074,5913620292.90573,2948594552.44952,2687807003.73935,2906000096.93249,4041702388.86633,5836021227.47597,6537360532.64359,6984947145.09508,7390796616.52817,8252394373.29698,8278212314.40466,9420431258.24747
GDP (current US$),NY.GDP.MKTP.CD,South Africa,ZAF,151752757215.309,135429905922.526,129087556612.449,197018965308.697,255806908594.573,288867217196.534,303858675363.643,333077117253.684,316131258616.309,329754060647.129,417363822801.713,458199494830.834,434400545085.811,400886013595.573,381198869776.106,346709790458.563,323585509674.481,381448814653.456,405260723892.517,389330032224.269
GDP (current US$),NY.GDP.MKTP.CD,South Sudan,SSD,..,..,..,..,..,..,..,..,14586253383.0632,12231264525.0671,14602072410.9506,14907308932.7534,11931472169.4915,18426469016.9492,13962212847.4576,11997800760.2242,..,..,..,..
GDP (current US$),NY.GDP.MKTP.CD,Spain,ESP,598363313494.903,627830029412.205,708756677088.629,907491523174.116,1069055675273.75,1153715822717.51,1260398977831.76,1474002579820,1631863493552.34,1491472923706.64,1422108199783.34,1480710495710.12,1324750738725,1355579535912.55,1371820537888.62,1196156971279.69,1233554967011.68,1313245330197.65,1421702715218.04,1394320055129.41
GDP (current US$),NY.GDP.MKTP.CD,Sri Lanka,LKA,16330814179.9766,15749753804.8344,16536535647.0834,18881765437.2151,20662525941.2985,24405791044.7761,28279802405.9138,32350238760.4239,40713826215.0093,42066224093.0065,58636161081.712,67753284043.9282,70447216891.3366,77000578167.353,82528535713.926,85140955388.8509,88012282205.8357,94376237797.2367,94493871200.7869,89014978344.1404
GDP (current US$),NY.GDP.MKTP.CD,St. Kitts and Nevis,KNA,421695769.843918,458643829.014199,481077373.669966,469869869.86987,506900000,547203703.703704,644414814.814815,689285185.185185,777691333.333333,774273111.111111,778718518.518518,836092592.592593,825381481.481481,874896296.296296,952111111.111111,957222222.222222,1006818518.51852,1056977777.77778,1076548148.14815,1107855555.55556
GDP (current US$),NY.GDP.MKTP.CD,St. Lucia,LCA,932592592.592592,892592592.592592,900000000,987407407.407407,1066666666.66667,1135555555.55556,1268319185.18519,1336088814.81481,1437731111.11111,1401507888.88889,1482385185.18519,1568370370.37037,1598207407.40741,1660222222.22222,1749185185.18518,1807640740.74074,1868544444.44444,1998503703.7037,2060955555.55556,2092081549.02444
GDP (current US$),NY.GDP.MKTP.CD,St. Martin (French part),MAF,..,..,..,..,..,..,..,..,..,..,..,775875748.523832,..,..,772921958.529509,..,..,..,..,652206037.103874
GDP (current US$),NY.GDP.MKTP.CD,St. Vincent and the Grenadines,VCT,427946037.037037,462072333.333333,487763851.851852,509090888.888889,549900185.185185,579948925.925926,643501148.148148,713596666.666667,732663259.259259,714300259.259259,720447888.888889,713796370.37037,730032592.592593,764781259.259259,770900000,786555555.555555,814303703.703704,844040740.740741,884329629.62963,910766666.666667
GDP (current US$),NY.GDP.MKTP.CD,Sudan,SDN,12257299147.2936,15716361792.1926,18137128388.3606,21355298459.5955,26646007250.7319,35182711987.974,45263831634.1497,59440139774.8128,64833083257.1431,51621044076.9231,58962978034.4828,55018567210.5263,37632919966.6667,43024018082.1918,49516748617.9775,51726758676.7677,42630376000,41283617976.1905,32333780383.2924,32338079165.2893
GDP (current US$),NY.GDP.MKTP.CD,Suriname,SUR,947671969.69697,834279357.798165,1093574468.08511,1274190311.41869,1484092538.40527,1793410397.38738,2626380435.17877,2936612021.85792,3532969034.60838,3875409836.06557,4368370997.92126,4422276621.78703,4980000000,5145757575.75758,5240606060.60606,5126237646.22072,3317421648.09918,3591679430.99988,3996198866.57453,4016040575.08796
GDP (current US$),NY.GDP.MKTP.CD,Sweden,SWE,262835454366.855,242395852494.409,266849061835.659,334337212322.076,385118044877.465,392218088878.779,423093437423.762,491252589217.021,517706149201.196,436537014293.554,495812558843.31,574094112972.733,552483727282.802,586841821796.891,581964017237.095,505103781349.757,515654671469.547,541018749769.097,555455371487.089,533879529188.454
GDP (current US$),NY.GDP.MKTP.CD,Switzerland,CHE,279216033870.204,286582672434.226,309301422430.386,362075086507.76,403912891033.374,418284865884.998,441634672196.523,490740715594.802,567267767519.158,554212916092.271,598851028906.58,715888126682.396,686420221557.99,706234937370.968,726537808338,694118186379.628,687895460902.713,695200833086.499,725568717468.001,721369112726.724
GDP (current US$),NY.GDP.MKTP.CD,Syrian Arab Republic,SYR,18937052543.4373,20237024724.7039,20669357462.3831,21828144686.0394,25086950495.0495,28858965517.2414,33751788856.305,40465318382.0585,52557913192.8669,54111735241.5414,61390831317.8635,67539427670.9958,43190317724.7088,21361254647.9904,21502061462.2122,16466863097.2125,12597854884.462,16369843341.3865,21497782880.7488,22583045052.56
GDP (current US$),NY.GDP.MKTP.CD,Tajikistan,TJK,860541842.263697,1080772551.29433,1221106220.2868,1555318261.4172,2076176869.41089,2312352020.6689,2830213848.6203,3719524540.86193,5161299725.27673,4979472364.4534,5642221099.17704,6522756255.012,7633036903.07634,8448411318.25417,9112605459.32845,8271431485.07484,6992416096.89018,7536402852.85802,7764999999.45362,8300813599.3084
GDP (current US$),NY.GDP.MKTP.CD,Tanzania,TZA,13371767081.7428,13563990022.3641,14129651895.6911,15211487708.7684,16673062473.3981,18395383647.4975,18619859795.2852,21860434823.4808,27947821397.9272,29400573553.6075,32012892919.37,34657140096.4836,39650394362.9287,45648857242.315,49986726460.6805,47413919817.124,49774409374.4538,53274884532.7886,57003712892.0858,61026731925.9213
GDP (current US$),NY.GDP.MKTP.CD,Thailand,THA,126392224253.794,120296476180.402,134300904400.022,152280615245.887,172895685154.658,189318408468.595,221758296021.621,262942621455.053,291382982430.951,281710630187.319,341104766329.17,370818739623.622,397558325278.579,420333654592.547,407339040197.651,401296238228.084,413366349747.508,456356813536.764,506754208404.485,543976691793.886
GDP (current US$),NY.GDP.MKTP.CD,Timor-Leste,TLS,366924300,477443500,469455500,490439100,440772000,462268000,453792400,542795400,648523600,726937800,881909300,1042534600,1160555000,1395727400,1447535200,1595205100,1652603700,1598208400,1566157200,2027034000
GDP (current US$),NY.GDP.MKTP.CD,Togo,TGO,2106848752.25468,2093498674.44312,2410199032.43261,2987984050.94186,3191561508.73414,3221910408.43007,3320907721.81095,3759964943.40568,4578849658.06066,4721890900.13889,4746389531.71369,5422442166.41062,5413544658.5045,6021732977.26811,6393318261.86007,5755461035.44333,6071170959.12093,6387422517.69225,7029300383.08031,6992700101.37188
GDP (current US$),NY.GDP.MKTP.CD,Tonga,TON,204848487.806485,181117230.406546,182764280.828501,202246591.215502,230657627.231323,261803684.241754,292230662.399012,298519024.14082,344436582.075764,312377678.83941,366832215.189578,414533117.692299,470705196.432659,450650633.04135,439877614.419206,437003078.563584,420548712.433288,460374354.847247,488906838.594866,512053692.078675
GDP (current US$),NY.GDP.MKTP.CD,Trinidad and Tobago,TTO,8154338232.95978,8824873259.32105,9008273720.93395,11305459802.0683,13280275123.0354,15982282462.3786,18369361094.3886,21641620049.9352,27871587349.5413,19172165225.5015,22157948396.2042,25433011405.3017,27334581560.2837,28709988700.2142,29699968760.7278,27026080986.578,23713671528.1421,24040299977.8745,24569079488.3913,23775754304.6652
GDP (current US$),NY.GDP.MKTP.CD,Tunisia,TUN,21473528160.7782,22065832448.8623,23141616604.5242,27453902261.4629,31183885241.4396,32272186694.8043,34376664600.5898,38915353866.757,44859439902.2191,43455740497.3061,46206091937.9628,48123325825.0739,47311401812.6733,48685446413.953,50271812920.612,45779494041.9295,44360072680.4476,42163530590.9462,42686580020.8322,41905540184.424
GDP (current US$),NY.GDP.MKTP.CD,Turkiye,TUR,274294623164.043,201753123806.695,240249071871.106,314595572145.767,408865430220.331,506314717661.655,557076157773.479,681321124295.914,770449132861.373,649289324627.732,776967266305.53,838785289694.35,880555885492.269,957799120008.32,938934609296.966,864313810469.009,869682881593.041,858988492853.742,778972199727.859,761005946788.221
GDP (current US$),NY.GDP.MKTP.CD,Turkmenistan,TKM,2904663310.9825,3534772732.39746,4462029108.72349,5977440582.80171,6838351088.46688,8103901996.37024,10276674364.8961,12664165103.1895,19271523178.8079,20214385964.9123,22583157894.7368,29233333333.3333,35164210526.3158,39197543859.6491,43524210526.3158,35799714285.7143,36169428571.4286,37926285714.2857,40765428571.4286,45232857142.8571
GDP (current US$),NY.GDP.MKTP.CD,Turks and Caicos Islands,TCA,..,358744800,366707900,409753600,485598800,578645800,721891500,773489700,862683600,703175800,686787800,728789600,727161000,754238000,841070000,942070000,1032452000,1028941663.2,1128749004.5304,1177285211.72521
GDP (current US$),NY.GDP.MKTP.CD,Tuvalu,TUV,15073975.5349377,13964732.327114,16842672.5952874,19456338.0318228,22798274.9795551,22909979.8163078,24096875.4635825,28450168.692765,31874434.857882,28076983.9703819,32105408.4771121,39196957.4908996,39345579.4723758,38615890.6320745,38760982.6540096,36811936.0824587,41629064.2232388,45276595.3533146,48015259.8751356,54123198.5662913
GDP (current US$),NY.GDP.MKTP.CD,Uganda,UGA,6193246837.09687,5840503868.51573,6178563591.12051,6606884275.23087,7939487547.77384,9239221763.05793,9977647682.96954,11902564494.8833,14440404132.2047,25127805566.6584,26673441430.7857,27871725241.4723,27305915910.7877,28915786516.6123,32612397257.4458,32387183730.1002,29203988696.2626,30744473841.424,32927025619.6795,35348155095.4215
GDP (current US$),NY.GDP.MKTP.CD,Ukraine,UKR,32375083934.8241,39309580983.2282,43956163612.0433,52010355753.0461,67220154164.3166,89238865118.5263,111884752475.248,148733861386.139,188110390659.515,121552153444.124,141209170427.233,169333835201.554,182591753827.949,190498811460.028,133503871861.723,91030967789.0717,93355869403.9223,112090505081.739,130891088293.55,153883047509.577
GDP (current US$),NY.GDP.MKTP.CD,United Arab Emirates,ARE,104337372362.151,103311640571.818,109816201497.617,124346358066.712,147824370319.946,180617467964.602,222116541865.214,257916133424.098,315474615738.598,253547358747.447,300189052688.904,360832739550.715,384610125391.423,400218529748.128,414105366752.893,370275469571.137,369255326235.534,390516804029.952,427049432157.931,417989721742.682
GDP (current US$),NY.GDP.MKTP.CD,United Kingdom,GBR,1665534876683.31,1649827263567.01,1785729916067.15,2054422857142.86,2421525082387.4,2543180000000,2708441582336.71,3090510204081.63,2929411764705.88,2412840006231.5,2485482596184.71,2663805834828.07,2707089726614.64,2784853502534.29,3064708247921.43,2927911140916.73,2689106566899.61,2680148052335.3,2871340347581.79,2851407164907.81
GDP (current US$),NY.GDP.MKTP.CD,United States,USA,10250952000000,10581929000000,10929108000000,11456450000000,12217196000000,13039197000000,13815583000000,14474228000000,14769862000000,14478067000000,15048971000000,15599732000000,16253970000000,16880683000000,17608138000000,18295019000000,18804913000000,19612102000000,20656516000000,21521395000000
GDP (current US$),NY.GDP.MKTP.CD,Uruguay,URY,22823270892.1094,20898761742.2386,13606515722.5864,12045638351.8507,13686329890.1191,17362857683.8545,19741420739.8901,23797773024.3992,31119602538.8322,32708319077.5179,41950361211.9581,50342406067.0777,54232266358.7811,61337621933.7857,61496186973.902,57680327998.6689,57480788380.312,65006047680.3225,65344408987.1965,62222387928.9932
GDP (current US$),NY.GDP.MKTP.CD,Uzbekistan,UZB,13760513969.314,11401421329.1974,9687788512.80184,10134453435.4603,12030023547.8807,14307509838.8053,17330833852.919,22311393927.8817,29549438883.8338,33689223673.2577,49765676402.4495,60178909297.208,67517349212.0609,73180037914.9104,80845385809.4529,86196264755.3105,86138288644.171,62081322740.0162,52870108214.6742,60283503705.3907
GDP (current US$),NY.GDP.MKTP.CD,Vanuatu,VUT,272014627.835262,257926881.72043,262596535.549028,314471413.001776,364996869.129618,394962433.029368,439358586.535588,516392922.513728,590748429.401902,592622319.145664,670712979.682038,770153588.218833,747839697.746593,758304466.245339,772315983.81843,730870802.967051,780889605.899977,880061833.690341,914736985.430944,936526267.622513
GDP (current US$),NY.GDP.MKTP.CD,"Venezuela, RB",VEN,117146466002.661,122911036746.729,92893587733.6549,83620628582.1082,112451400424.964,145513489651.872,183477522123.894,230364012575.687,315953388510.678,329787628928.471,393192354510.653,316482190800.364,381286237847.667,371005379786.566,482359318767.703,..,..,..,..,..
GDP (current US$),NY.GDP.MKTP.CD,Viet Nam,VNM,31172518403.3162,32685198808.5549,35064105500.8344,39552513231.9169,45427854693.2554,57633255738.1992,66371664817.0436,77414425532.2452,99130304099.1274,106014659565.214,147201173196.979,172595049183.925,195590661129.249,213708811665.34,233451469642.519,239258328381.741,257096001177.982,281353605986.903,310106478394.659,334365270496.667
GDP (current US$),NY.GDP.MKTP.CD,Virgin Islands (U.S.),VIR,..,..,3262000000,3443000000,3797000000,4428000000,4484000000,4784000000,4244000000,4201000000,4324000000,4223000000,4089000000,3738000000,3565000000,3663000000,3798000000,3794000000,3923000000,4121000000
GDP (current US$),NY.GDP.MKTP.CD,West Bank and Gaza,PSE,4313600000,4003700000,3555800000,3968000000,4603100000,5125700000,5348300000,5815700000,7310400000,8085700000,9681500000,11186100000,12208400000,13515500000,13989700000,13972400000,15405400000,16128000000,16276600000,17133500000
GDP (current US$),NY.GDP.MKTP.CD,"Yemen, Rep.",YEM,9679316770.18633,9852990692.98714,10693430511.4664,11777532662.0499,13867634371.4773,16731566717.1888,19063143369.858,21650528674.0933,26910855807.288,25130278212.5575,30906749533.221,32726417878.391,35401331609.5916,40415233436.1767,43228585321.3272,42444490073.8555,31317825274.1507,26842229044.5848,21606160663.0318,..
GDP (current US$),NY.GDP.MKTP.CD,Zambia,ZMB,3600632111.41414,4094441301.21423,4193850445.42632,4901869764.05957,6221110219.45542,8331870169.14977,12756858899.2812,14056957976.2648,17910858637.9048,15328342303.9575,20265559483.8548,23459515275.5776,25503060420.026,28037239462.7142,27141023558.0829,21251216798.7762,20958412538.3093,25873601260.8353,26311507273.6735,23308667781.2258
GDP (current US$),NY.GDP.MKTP.CD,Zimbabwe,ZWE,6689957600,6777384700,6342116400,5727591800,5805598400,5755215200,5443896500,5291950100,4415702800,9665793300,12041655200,14101920300,17114849900,19091020000,19495519600,19963120600,20548678100,17584890936.6523,34156069918.0609,21832234925.5021
GDP (current US$),NY.GDP.MKTP.CD,Africa Eastern and Southern,AFE,287201651448.678,260992227336.281,267815037918.24,355716369427.671,442696185471.329,516661066465.534,580240749509.224,665598701583.95,713502105052.171,715485327250.406,849409658737.661,945439147816.613,952675592818.555,963347276805.076,979689662429.07,899295676086.836,829829959319.292,940105480733.676,1012719339457.72,1006527294483.09
GDP (current US$),NY.GDP.MKTP.CD,Africa Western and Central,AFW,142140083285.948,149451860838.109,178692437188.28,206982053949.069,256100640349.771,312409315139.612,397088785487.807,465683513908.341,567937963599.451,508552578501.962,598697706331.002,682233324561.043,737799647336.195,834160608935.995,894585438237.958,769367317617.821,692181085843.488,685750159763.133,768189587833.624,823933630796.516
GDP (current US$),NY.GDP.MKTP.CD,Arab World,ARB,760659530858.826,741974816657.261,743726477660.188,826976496725.027,983700787595.348,1205595865007.25,1434109187806.89,1668426022116.89,2109171849559.77,1822783841737.67,2154252309110.19,2559855182439.78,2793775680472.15,2857872049304.91,2905075942181.63,2544136348540.18,2499965913229.88,2571053716382.94,2865543585777.95,2898668715645.56
GDP (current US$),NY.GDP.MKTP.CD,Caribbean small states,CSS,17467367619.1113,17638376240.5484,18687788779.5269,19248879362.7334,20281937834.1151,22208371015.0416,25923714993.9059,28067234199.5014,29396279802.3818,28708191270.5671,29715534449.1747,30344564229.3382,32052386052.2943,32390809157.2923,33462282320.5238,34538256117.6859,33451252507.2663,34921587493.3397,36225416548.2006,37621010338.3616
GDP (current US$),NY.GDP.MKTP.CD,Central Europe and the Baltics,CEB,428597564395.942,468614167274.24,528074378315.022,634393988542.297,763090451335.703,886072339096.301,1001637213773.61,1265565727257.36,1530718934020.82,1289853592526.98,1316548010141.42,1454732403908.46,1359052936743.23,1417557275930.7,1463823020682.85,1293623329358.52,1316821592128.16,1461567745963.7,1649014249607.31,1674815945871.77
GDP (current US$),NY.GDP.MKTP.CD,Early-demographic dividend,EAR,3377700768682,3351139229137.53,3254999167379.13,3622987599508.75,4210079741319.68,4895873888500.77,5596741342074.53,6624825302691.11,7460093874185.93,7172729962646.64,8708208712873.16,9813800566552.76,10261753916720.6,10406754465041.8,10766609704140,10237020101449.3,10537028724316.6,11393447781978.4,11524427704062.7,11767656585558.1
GDP (current US$),NY.GDP.MKTP.CD,East Asia & Pacific,EAS,8377363424939.49,7789513198046.97,7912759253773.6,8702214026618.33,9758440010726.34,10411320781531.8,11034810130882.1,12331150790689.8,14220148735114.5,14630641103929.1,17078057240005.2,19796933123174.5,21174178691967.8,21411284057214.5,22089701789223.8,21995274219766.7,22776012762509.5,24329094912610,26487859556590.8,27032494942206.6
GDP (current US$),NY.GDP.MKTP.CD,East Asia & Pacific (excluding high income),EAP,1736143014172.34,1847119549328.77,2044360327928.27,2313862647600.91,2682937085437.41,3107694833176.92,3742774301714.16,4731773141261.09,5987096399585.56,6491258516157.22,7900541542589.84,9650693739294.8,10759908112898,11870059931822.1,12800187429285.8,13323235973753,13614572556661.5,14881098135429.5,16640354816152.1,17213215781553.2
GDP (current US$),NY.GDP.MKTP.CD,East Asia & Pacific (IDA & IBRD countries),TEA,1734140610323.9,1844983469200.51,2041978325525.65,2311138073121.47,2679766961249.68,3104015775227.44,3738299975924.3,4726058406128.56,5979821324679.65,6483346119173.79,7890862049222.1,9638846002337.58,10746721177079.8,11855481580395.5,12784467992142.2,13306887306272.5,13597889126598.8,14862823962899.4,16619890220308.8,17192020073785.4
GDP (current US$),NY.GDP.MKTP.CD,Euro area,EMU,6517629739562.02,6619382603491.19,7226691597174.83,8897545940283.21,10202235327777.1,10568560016101.4,11233646616679.6,12938432027569.6,14226784155767.8,13000703039470.1,12700582110966.2,13700831614329.5,12695678622498.6,13255654454944.7,13570070381398.8,11727106023830.5,12025904489799.8,12736901061170,13761117139592.9,13481146122147.1
GDP (current US$),NY.GDP.MKTP.CD,Europe & Central Asia,ECS,10065925069173.9,10168292808351,11134331409101.7,13534598831552.2,15775505005718.8,16780903793743.8,18167737736908.1,21227702064340.8,23363341474912.2,20545109873740.8,21016513112950.8,23305973325589.8,22453705241187.9,23454990403618.1,23784373303750.2,20481460301210.5,20408605606979.3,21652842504644.6,23188735732226.2,22908223277507.4
GDP (current US$),NY.GDP.MKTP.CD,Europe & Central Asia (excluding high income),ECA,390254644017.597,334433492950.211,389028550190.813,495996118252.84,639128690749.53,796047189589.775,925984007321.038,1165481350733.46,1395064178011.71,1163141205236.09,1377629393492.27,1566799086233.4,1652506728905.02,1802285899175.5,1729714204725.05,1507646946545.93,1447395306947.53,1485108260761.97,1459981302399.66,1488770219744.96
GDP (current US$),NY.GDP.MKTP.CD,Europe & Central Asia (IDA & IBRD countries),TEC,894544257579.766,909540184630.042,1022700571400.73,1258197590827.01,1628013567626.74,2039292026212.71,2466363795862.12,3172404499923.27,3926836234821.61,3113738044750.08,3657869416963.52,4450219264234.29,4646863189589.23,4915748484819.64,4644397266377.62,3627947465522.13,3486198200219.98,3909728235465.93,4077637180273.38,4159709661061.93
GDP (current US$),NY.GDP.MKTP.CD,European Union,EUU,7276390686987.55,7393611976746.92,8083519738170.34,9932134719712.14,11418900282600.5,11910069053861.6,12712635655986.7,14727520908988.9,16295391110313.4,14762842568792.8,14556122142376.7,15765158666571.2,14641634844097.4,15294853937310.5,15651372745918.6,13553897260141,13888833465037.9,14765880176508.2,15981445869808.9,15694050310523.1
GDP (current US$),NY.GDP.MKTP.CD,Fragile and conflict affected situations,FCS,468035986782.24,458017480633.769,446928936249.041,470617921462.847,596965322028.115,755160909781.589,945955284127.61,1159333496786.87,1481946186150.49,1342728724357.15,1593981100293.48,1664321553843.86,1861813804786.77,1935544489353.46,2053788945066.26,1617323277101.47,1490633651211.68,1549712150984.09,1735183810120.25,1842154935322.18
GDP (current US$),NY.GDP.MKTP.CD,Heavily indebted poor countries (HIPC),HPC,181381059271.133,174623068211.625,189453215972.277,214945631968.986,247743498935.084,283838004106.178,332982475731.497,397470489216.475,472367096833.115,468776321860.39,509061582442.261,564065134052.837,583888328733.146,655856029913.909,694344337474.543,667302120360.803,674512464051.689,724757996634.928,774607047567.848,803355942387.056
GDP (current US$),NY.GDP.MKTP.CD,High income,HIC,28036716903140.2,27811072270318.1,29022750091985.2,32574954634084.8,36387608557612.2,38623901277744.2,40986059390577,45098647855102.4,48338201243505.7,44940316093124.7,47340327876456,51524951092552.4,51710003724530.8,52439877375602.6,53310162826089.1,49773105280474.1,50737236574099.6,53336788717601.6,56684556889445.8,57218295248360.4
GDP (current US$),NY.GDP.MKTP.CD,IBRD only,IBD,5873248460100.09,5954917913637.39,6043651266693.34,6788178855352.03,8085419494002.9,9657998889452.8,11453342785003.8,14221824723610,17060926940839.9,16541826277696.3,20111983284711.5,23807285173177.4,25304734948065.9,26693510662628.9,27592783808400.6,25838353087075.7,26027770587219.1,28745223958869,30579316565085.1,31246593993598.4
GDP (current US$),NY.GDP.MKTP.CD,IDA & IBRD total,IBT,6390526414219.35,6465885572313.4,6593953285638.37,7408766752494.04,8811152019657.5,10499926993564.5,12458305114561.1,15401421654907.7,18465834149693.5,17913122960002.2,21693456395830.3,25594615218755.3,27188545719649.6,28743704005346.5,29800896836060,27987288576613.1,28169507573194.1,30960119365364,32964096579686,33722356189565.9
GDP (current US$),NY.GDP.MKTP.CD,IDA blend,IDB,226799197386.943,226318400272.65,248462838455.275,280423881008.659,340143118674.081,402541987923.416,498778333888.959,578188309214.908,677188107675.71,631412536974.89,741312007016.759,847544916121.797,941695867218.565,1023665425289.17,1110564323061.43,1054056007822.38,984095717018.772,967437544352.281,1056914447272.39,1077750148722.68
GDP (current US$),NY.GDP.MKTP.CD,IDA only,IDX,291557552376.776,285482351627.007,303011338636.681,341509684072.074,386660282055.165,440100803249.348,506608850466.335,601253783985.4,727719101177.906,739884145330.958,840161104102.099,939785129456.04,942114904365.161,1026527917428.51,1097548704598.03,1093640032209.07,1156608800300.87,1247733925328.46,1327890357838.68,1397670771530.98
GDP (current US$),NY.GDP.MKTP.CD,IDA total,IDA,517721477276.152,511239299618.944,550995965118.905,621400206928.45,726522702342.759,842542900340.948,1005777469306.55,1179708743319.34,1404907208853.62,1371296682305.85,1581473111118.86,1787330045577.84,1883810771583.73,2050193342717.68,2208113027659.46,2147696040031.45,2140704517319.64,2215171469680.75,2384804805111.07,2475420920253.66
GDP (current US$),NY.GDP.MKTP.CD,Late-demographic dividend,LTE,3410313487927.4,3525091029820.11,3736796107267.68,4257947205698.71,5117293242644.11,6172905218377.23,7448573743924.26,9382447414660.31,11663554908011.7,11269360521229.5,13564267760890.2,16530365963615.5,17680657970635.3,19042359863611.2,19776331354297.4,18550881244486,18593573738109.3,20631078375844.2,22623622462864.8,23050208314364
GDP (current US$),NY.GDP.MKTP.CD,Latin America & Caribbean,LCN,2326171956618.83,2281659001901.31,2051651216847.52,2090649676533.06,2404140329731.79,2901840928620.71,3395773013103.38,3997430459125.19,4642685980825.89,4355865396934.77,5395521584867.2,6137298312571.18,6209024743500.11,6362333301077.53,6483202078515.13,5418289197382.29,5283310849435.27,5866482345855.61,5742638741431.28,5659965575492.01
GDP (current US$),NY.GDP.MKTP.CD,Latin America & Caribbean (excluding high income),LAC,2001496152611.12,1951435655114.42,1757081641119.62,1793945251035.72,2043684160277.32,2470502060472.19,2881093926514.89,3401597415158.73,3931407891415.48,3643244830292.97,4556436688834.76,5320445093655.74,5297857656983.35,5436631031505.86,5457289044548.77,4634564315170.45,4496975505130.54,5012883307321.98,4870399271215.6,4804547155275.13
GDP (current US$),NY.GDP.MKTP.CD,Latin America & the Caribbean (IDA & IBRD countries),TLA,2214793108979.01,2161567505918.14,1927469572333.21,1960572727991.55,2264753929049.28,2751720692302,3234376593372.23,3826508335402.83,4465251653168.29,4176119188574.45,5210710546171.91,5940252657561.23,6005862490255.01,6154592516614.85,6270841236825.2,5194835549016.91,5053700630074.01,5631949735822.71,5506072829643.66,5413987316641.17
GDP (current US$),NY.GDP.MKTP.CD,Least developed countries: UN classification,LDC,224220841301.621,215386170078.767,235506872334.174,266569126690.004,306201111423.094,360878706648.537,417524553902.592,501270268255.774,614414977114.439,608426703148.311,687433128591.786,783931296546.498,819266433465.481,892428919239.911,959618110350.536,920864864683.309,936561647193.379,1025062467402.31,1090417461003.23,1150500716964.01
GDP (current US$),NY.GDP.MKTP.CD,Low & middle income,LMY,5680267093251.76,5687811932590.82,5796547790161.36,6487373546291.21,7609727994130.64,8985212394211.48,10575560319816.4,12982509324893,15416273265910.1,15446634909614.8,18779543105772,22115543075986.5,23512181553245.6,24940261486687.7,26101787332747.3,25326526306958.9,25586586836480,27933259327710.6,29703722066967.9,30424528245038.4
GDP (current US$),NY.GDP.MKTP.CD,Low income,LIC,123908609247.707,116417867734.747,128027966515.984,142978584361.763,167196877615.717,199723321087.33,232208542309.02,282893624749.081,340460080321.201,338898157425.069,372940632041.912,404514516429.277,381701640886.411,394195409295.525,422083905892.021,416120726145.318,383741508244.759,401921089084.377,418228093932.972,445278364305.202
GDP (current US$),NY.GDP.MKTP.CD,Lower middle income,LMC,1185525202868.85,1197955232304.74,1264000378395.07,1433893499316.57,1649437905989.37,1900255691229.5,2225374816704.39,2723528151247.76,3012634293754.04,3141137667805.05,3780034647966.09,4217834186882.18,4456528170120.24,4712914034204.83,5090396351864.47,5083698600746.07,5297558624291.54,5693069209502.07,5979736767522.21,6278114868365.95
GDP (current US$),NY.GDP.MKTP.CD,Middle East & North Africa,MEA,992555771865.102,987483973174.614,979351629694.585,1090479523920.4,1286313655244.43,1542092360435.57,1810948296494.28,2140272377688.62,2674260694118.66,2399657699929.62,2820272200083.83,3396706596374.72,3660136638354.7,3601732090293.31,3627618410020.68,3201010427587.39,3234258578074.41,3372000244857.37,3538057099135.22,3549945029851.94
GDP (current US$),NY.GDP.MKTP.CD,Middle East & North Africa (excluding high income),MNA,474549193839.263,480454322805.497,463162700952.368,509460205617.962,604588881725.056,707135263713.176,828322826165.268,1016252730742.9,1260101657447.26,1221252441475.68,1413230709820.25,1654719982162.47,1782893176788.21,1643993969590.37,1625989413800.06,1460582775148.29,1496714718329.85,1496691802249.52,1421482666869.71,1433133665481.6
GDP (current US$),NY.GDP.MKTP.CD,Middle East & North Africa (IDA & IBRD countries),TMN,470235593839.263,476450622805.496,459606900952.367,505492205617.961,599985781725.056,702009563713.175,822974526165.268,1010437030742.9,1252791257447.26,1213166741475.68,1403549209820.25,1643533882162.47,1770684776788.21,1630478469590.37,1611999713800.06,1446610375148.29,1481309318329.85,1480563802249.52,1405206066869.71,1416000165481.6
GDP (current US$),NY.GDP.MKTP.CD,Middle income,MIC,5557879880102.09,5572267083031.9,5670206841562.76,6346256902458.92,7444671186560.87,8788211804677.96,10346313007674.3,12703066994715,15080296673808.4,15112134343474.1,18410290632937.1,21713900541468.3,23131481309284.9,24546674700274.3,25680744767168.3,24911694910932.1,25202592678135.5,27530340426178,29284043921765.4,29978481798259.3
GDP (current US$),NY.GDP.MKTP.CD,North America,NAC,10999205634931.6,11324591275355.4,11693694562098,12356177171634.8,13248370941278.2,14217173734778.7,15140991809591,15949815407783.3,16329831690721.7,15859348142157.3,16672948893486.3,17399371321174.5,18088714669521.6,18733746177835,19420301866439.9,19858182357217.1,20339807652907.4,21268509960244.1,22389071169783,23272543648672.5
GDP (current US$),NY.GDP.MKTP.CD,Not classified,INX,..,..,..,..,..,..,..,..,..,..,..,..,..,..,..,..,..,..,..,..
GDP (current US$),NY.GDP.MKTP.CD,OECD members,OED,27669616112069.4,27415354309328.3,28601698343642.8,31985356194060,35608846779453.8,37648159767684.9,39718283258802.5,43483775703184.9,46172651254806.8,43184014259465.7,45297226688828.8,48721225418978.3,48676834813345.9,49360200440504.1,50386906873870.5,47536673280840.8,48460554255214.5,50610712929528.3,53525975116832.1,54053010452622.2
GDP (current US$),NY.GDP.MKTP.CD,Other small states,OSS,55909436459.4723,56104114431.8509,61196326388.686,75225425145.7421,89281970467.4135,101041826683.492,113035701751.595,135646182748.022,148958990447.765,129389535768.023,138174096381.898,157064408558.829,155912881125.311,162812437315.907,167893016317.089,151721848514.729,159200150156.228,176977448024.04,193850030853.887,195442320173.664
GDP (current US$),NY.GDP.MKTP.CD,Pacific island small states,PSS,3448222600.9246,3391891585.17383,3556817548.49446,4239645994.42881,4876721916.03378,5412748919.65417,5680719028.4396,6259150036.43948,6702842278.15413,6042995506.23147,6646636169.35048,7754564667.39194,8219726546.10348,8544636536.17937,9290027187.46434,9082590662.61225,9532201525.56813,10290482444.2108,10791457053.2083,10729092905.3643
GDP (current US$),NY.GDP.MKTP.CD,Post-demographic dividend,PST,26398822852316.2,26143738576771.1,27268490857927.4,30570527940011,33970525840134.3,35741585554610.1,37604152308152.6,41042492733642.3,43475365266059.4,40925526158278.7,42685593909416.3,45847684271547.9,45779692961073.2,46270713136341.4,47207349839752.1,44669765037594.5,45693398993292.1,47667106352008.1,50504305917292.3,51018795008395.9
GDP (current US$),NY.GDP.MKTP.CD,Pre-demographic dividend,PRE,282743056562.662,268398133177.297,308709461199.595,336310592477.534,419004384473.709,521959796164.308,656227260844.848,793488291778.382,989251021076.299,896733060947.766,1047586126685.77,1213699206148.6,1319408228653.58,1448620258000.13,1535536224140.68,1305833014908.77,1163168926723.78,1214614486271.29,1353360006187.64,1427162956056.16
GDP (current US$),NY.GDP.MKTP.CD,Small states,SST,76825026679.5082,77134382257.573,83440932716.7072,98713950502.9043,114440630217.562,128662946618.187,144640135773.94,169972566983.963,185058112528.301,164140722544.822,174536267000.423,195163537455.56,196184993723.708,203747883009.378,210645325825.077,195342695295.027,202183604189.062,222189517961.591,240866904455.296,243792423417.39
GDP (current US$),NY.GDP.MKTP.CD,South Asia,SAS,647681666329.099,662513570031.796,695456014025.075,811668772003.7,941600860447.854,1075831387301.19,1220740366279.36,1536036848206.91,1559693610925.06,1702714960275.79,2082357808583.89,2294090940082.05,2327938845782.62,2389895068185.15,2614915526247.9,2733618963171.59,3011037037667.86,3433921312241.12,3534066858502,3658209766221.57
GDP (current US$),NY.GDP.MKTP.CD,South Asia (IDA & IBRD),TSA,647681666329.099,662513570031.796,695456014025.075,811668772003.7,941600860447.854,1075831387301.19,1220740366279.36,1536036848206.91,1559693610925.06,1702714960275.79,2082357808583.89,2294090940082.05,2327938845782.62,2389895068185.15,2614915526247.9,2733618963171.59,3011037037667.86,3433921312241.12,3534066858502,3658209766221.57
GDP (current US$),NY.GDP.MKTP.CD,Sub-Saharan Africa,SSF,428346156747.99,409772900328.954,446110426619.537,561821496869.847,697688286597.488,827932293880.68,976583731601.043,1130543907099.93,1281440068651.62,1224037905752.37,1448107365068.66,1627672472377.66,1690475240154.75,1797507885741.07,1874275100667.03,1668662993704.66,1522011045162.78,1625855640496.81,1780908927291.34,1830460925279.6
GDP (current US$),NY.GDP.MKTP.CD,Sub-Saharan Africa (excluding high income),SSA,427688179170.896,409106816914.196,445363669974.506,561066946684.464,696791130087.664,826950419336.099,975498431473.479,1129464143218.9,1280460471257.33,1223187004131.93,1447125748526.33,1626613553670.39,1689385832315.55,1796174725333.69,1872887522796.95,1667230590352.53,1520442531814.64,1624180269855.8,1779124613364.58,1828592235182.87
GDP (current US$),NY.GDP.MKTP.CD,Sub-Saharan Africa (IDA & IBRD countries),TSS,428346156747.99,409772900328.954,446110426619.537,561821496869.847,697688286597.488,827932293880.679,976583731601.043,1130543907099.93,1281440068651.62,1224037905752.37,1448107365068.66,1627672472377.66,1690475240154.75,1797507885741.07,1874275100667.03,1668662993704.66,1522011045162.78,1625855640496.81,1780908927291.34,1830460925279.6
GDP (current US$),NY.GDP.MKTP.CD,Upper middle income,UMC,4372322368009.91,4374275436517.74,4406150082412.21,4912292057325.6,5795163605374.28,6887893992464.03,8120870119143.41,9979459027920.7,12067662380054.4,11970996675669,14630255984971,17496066354586.1,18674953139164.7,19833760666069.5,20590348415303.8,19827996310186,19905034053844,21837271216675.9,23304307154243.2,23700366929893.4
GDP (current US$),NY.GDP.MKTP.CD,World,WLD,33839387350047.3,33626960202657.6,34917697037982.8,39152139289705.4,44116244570755,47760320738747.8,51749808632586.7,58314867929879.6,64072295929643.4,60718262754480.1,66514174634776,73957792909770.5,75603976718162.8,77751368312765.5,79894385759929.2,75359657218242.5,76588030455295.5,81550955754739.3,86686870786621.5,87945574337517.8
,,,,,,,,,,,,,,,,,,,,,,,
,,,,,,,,,,,,,,,,,,,,,,,
,,,,,,,,,,,,,,,,,,,,,,,
Data from database: World Development Indicators,,,,,,,,,,,,,,,,,,,,,,,
Last Updated: 11/13/2024,,,,,,,,,,,,,,,,,,,,,,,
